year,month,day,temperature,_id
2014,1,1,-13,5e7ac44493d299b2e849cf52
2014,1,2,-18,5e7ac44493d299b2e849cf53
2014,1,3,-22,5e7ac44493d299b2e849cf54
2014,1,4,-22,5e7ac44493d299b2e849cf55
2014,1,5,-19,5e7ac44493d299b2e849cf56
2014,1,6,-16,5e7ac44493d299b2e849cf57
2014,1,7,-16,5e7ac44493d299b2e849cf58
2014,1,8,-18,5e7ac44493d299b2e849cf59
2014,1,9,-22,5e7ac44493d299b2e849cf5a
2014,1,10,-23,5e7ac44493d299b2e849cf5b
2014,1,11,-22,5e7ac44493d299b2e849cf5c
2014,1,12,-26,5e7ac44493d299b2e849cf5d
2014,1,13,-24,5e7ac44493d299b2e849cf5e
2014,1,14,-22,5e7ac44493d299b2e849cf5f
2014,1,15,-20,5e7ac44493d299b2e849cf60
2014,1,16,-22,5e7ac44493d299b2e849cf61
2014,1,17,-20,5e7ac44493d299b2e849cf62
2014,1,18,-24,5e7ac44493d299b2e849cf63
2014,1,19,-20,5e7ac44493d299b2e849cf64
2014,1,20,-20,5e7ac44493d299b2e849cf65
2014,1,21,-18,5e7ac44493d299b2e849cf66
2014,1,22,-22,5e7ac44493d299b2e849cf67
2014,1,23,-14,5e7ac44493d299b2e849cf68
2014,1,24,-10,5e7ac44493d299b2e849cf69
2014,1,25,-13,5e7ac44493d299b2e849cf6a
2014,1,26,-17,5e7ac44493d299b2e849cf6b
2014,1,27,-13,5e7ac44493d299b2e849cf6c
2014,1,28,-18,5e7ac44493d299b2e849cf6d
2014,1,29,-19,5e7ac44493d299b2e849cf6e
2014,1,30,-17,5e7ac44493d299b2e849cf6f
2014,1,31,-19,5e7ac44493d299b2e849cf70
2014,2,1,-18,5e7ac44493d299b2e849cf71
2014,2,2,-16,5e7ac44493d299b2e849cf72
2014,2,3,-18,5e7ac44493d299b2e849cf73
2014,2,4,-20,5e7ac44493d299b2e849cf74
2014,2,5,-22,5e7ac44493d299b2e849cf75
2014,2,6,-20,5e7ac44493d299b2e849cf76
2014,2,7,-19,5e7ac44493d299b2e849cf77
2014,2,8,-16,5e7ac44493d299b2e849cf78
2014,2,9,-18,5e7ac44493d299b2e849cf79
2014,2,10,-16,5e7ac44493d299b2e849cf7a
2014,2,11,-18,5e7ac44493d299b2e849cf7b
2014,2,12,-18,5e7ac44493d299b2e849cf7c
2014,2,13,-16,5e7ac44493d299b2e849cf7d
2014,2,14,-15,5e7ac44493d299b2e849cf7e
2014,2,15,-9,5e7ac44493d299b2e849cf7f
2014,2,16,-10,5e7ac44493d299b2e849cf80
2014,2,17,-14,5e7ac44493d299b2e849cf81
2014,2,18,-13,5e7ac44493d299b2e849cf82
2014,2,19,-13,5e7ac44493d299b2e849cf83
2014,2,20,-15,5e7ac44493d299b2e849cf84
2014,2,21,-10,5e7ac44493d299b2e849cf85
2014,2,22,-10,5e7ac44493d299b2e849cf86
2014,2,23,-6,5e7ac44493d299b2e849cf87
2014,2,24,-3,5e7ac44493d299b2e849cf88
2014,2,25,-3,5e7ac44493d299b2e849cf89
2014,2,26,+1,5e7ac44493d299b2e849cf8a
2014,2,27,-2,5e7ac44493d299b2e849cf8b
2014,2,28,-9,5e7ac44493d299b2e849cf8c
2014,3,1,-12,5e7ac44493d299b2e849cf8d
2014,3,2,-13,5e7ac44493d299b2e849cf8e
2014,3,3,-13,5e7ac44493d299b2e849cf8f
2014,3,4,-12,5e7ac44493d299b2e849cf90
2014,3,5,-11,5e7ac44493d299b2e849cf91
2014,3,6,-12,5e7ac44493d299b2e849cf92
2014,3,7,-10,5e7ac44493d299b2e849cf93
2014,3,8,-8,5e7ac44493d299b2e849cf94
2014,3,9,-6,5e7ac44493d299b2e849cf95
2014,3,10,-3,5e7ac44493d299b2e849cf96
2014,3,11,-4,5e7ac44493d299b2e849cf97
2014,3,12,-4,5e7ac44493d299b2e849cf98
2014,3,13,-4,5e7ac44493d299b2e849cf99
2014,3,14,-3,5e7ac44493d299b2e849cf9a
2014,3,15,-3,5e7ac44493d299b2e849cf9b
2014,3,16,+1,5e7ac44493d299b2e849cf9c
2014,3,17,+2,5e7ac44493d299b2e849cf9d
2014,3,18,+2,5e7ac44493d299b2e849cf9e
2014,3,19,+2,5e7ac44493d299b2e849cf9f
2014,3,20,+3,5e7ac44493d299b2e849cfa0
2014,3,21,+4,5e7ac44493d299b2e849cfa1
2014,3,22,0,5e7ac44493d299b2e849cfa2
2014,3,23,+6,5e7ac44493d299b2e849cfa3
2014,3,24,+9,5e7ac44493d299b2e849cfa4
2014,3,25,+11,5e7ac44493d299b2e849cfa5
2014,3,26,+7,5e7ac44493d299b2e849cfa6
2014,3,27,+11,5e7ac44493d299b2e849cfa7
2014,3,28,+11,5e7ac44493d299b2e849cfa8
2014,3,29,+9,5e7ac44493d299b2e849cfa9
2014,3,30,+11,5e7ac44493d299b2e849cfaa
2014,3,31,+7,5e7ac44493d299b2e849cfab
2014,4,1,+4,5e7ac44493d299b2e849cfac
2014,4,2,+4,5e7ac44493d299b2e849cfad
2014,4,3,+4,5e7ac44493d299b2e849cfae
2014,4,4,+6,5e7ac44493d299b2e849cfaf
2014,4,5,+2,5e7ac44493d299b2e849cfb0
2014,4,6,+6,5e7ac44493d299b2e849cfb1
2014,4,7,+7,5e7ac44493d299b2e849cfb2
2014,4,8,+12,5e7ac44493d299b2e849cfb3
2014,4,9,+6,5e7ac44493d299b2e849cfb4
2014,4,10,+4,5e7ac44493d299b2e849cfb5
2014,4,11,+8,5e7ac44493d299b2e849cfb6
2014,4,12,+11,5e7ac44493d299b2e849cfb7
2014,4,13,+15,5e7ac44493d299b2e849cfb8
2014,4,14,+19,5e7ac44493d299b2e849cfb9
2014,4,15,+5,5e7ac44493d299b2e849cfba
2014,4,16,+6,5e7ac44493d299b2e849cfbb
2014,4,17,+7,5e7ac44493d299b2e849cfbc
2014,4,18,+7,5e7ac44493d299b2e849cfbd
2014,4,19,+12,5e7ac44493d299b2e849cfbe
2014,4,20,+15,5e7ac44493d299b2e849cfbf
2014,4,21,+14,5e7ac44493d299b2e849cfc0
2014,4,22,+15,5e7ac44493d299b2e849cfc1
2014,4,23,+21,5e7ac44493d299b2e849cfc2
2014,4,24,+25,5e7ac44493d299b2e849cfc3
2014,4,25,+20,5e7ac44493d299b2e849cfc4
2014,4,26,+25,5e7ac44493d299b2e849cfc5
2014,4,27,+10,5e7ac44493d299b2e849cfc6
2014,4,28,+15,5e7ac44493d299b2e849cfc7
2014,4,29,+21,5e7ac44493d299b2e849cfc8
2014,4,30,+26,5e7ac44493d299b2e849cfc9
2014,5,1,+25,5e7ac44493d299b2e849cfca
2014,5,2,+16,5e7ac44493d299b2e849cfcb
2014,5,3,+8,5e7ac44493d299b2e849cfcc
2014,5,4,+4,5e7ac44493d299b2e849cfcd
2014,5,5,+12,5e7ac44493d299b2e849cfce
2014,5,6,+7,5e7ac44493d299b2e849cfcf
2014,5,7,+9,5e7ac44493d299b2e849cfd0
2014,5,8,+15,5e7ac44493d299b2e849cfd1
2014,5,9,+21,5e7ac44493d299b2e849cfd2
2014,5,10,+27,5e7ac44493d299b2e849cfd3
2014,5,11,+24,5e7ac44493d299b2e849cfd4
2014,5,12,+18,5e7ac44493d299b2e849cfd5
2014,5,13,+13,5e7ac44493d299b2e849cfd6
2014,5,14,+12,5e7ac44493d299b2e849cfd7
2014,5,15,+10,5e7ac44493d299b2e849cfd8
2014,5,16,+11,5e7ac44493d299b2e849cfd9
2014,5,17,+16,5e7ac44493d299b2e849cfda
2014,5,18,+16,5e7ac44493d299b2e849cfdb
2014,5,19,+20,5e7ac44493d299b2e849cfdc
2014,5,20,+22,5e7ac44493d299b2e849cfdd
2014,5,21,+21,5e7ac44493d299b2e849cfde
2014,5,22,+22,5e7ac44493d299b2e849cfdf
2014,5,23,+20,5e7ac44493d299b2e849cfe0
2014,5,24,+20,5e7ac44493d299b2e849cfe1
2014,5,25,+16,5e7ac44493d299b2e849cfe2
2014,5,26,+10,5e7ac44493d299b2e849cfe3
2014,5,27,+12,5e7ac44493d299b2e849cfe4
2014,5,28,+18,5e7ac44493d299b2e849cfe5
2014,5,29,+13,5e7ac44493d299b2e849cfe6
2014,5,30,+19,5e7ac44493d299b2e849cfe7
2014,5,31,+25,5e7ac44493d299b2e849cfe8
2014,6,1,+24,5e7ac44493d299b2e849cfe9
2014,6,2,+30,5e7ac44493d299b2e849cfea
2014,6,3,+29,5e7ac44493d299b2e849cfeb
2014,6,4,+24,5e7ac44493d299b2e849cfec
2014,6,5,+29,5e7ac44493d299b2e849cfed
2014,6,6,+26,5e7ac44493d299b2e849cfee
2014,6,7,+24,5e7ac44493d299b2e849cfef
2014,6,8,+25,5e7ac44493d299b2e849cff0
2014,6,9,+23,5e7ac44493d299b2e849cff1
2014,6,10,+24,5e7ac44493d299b2e849cff2
2014,6,11,+20,5e7ac44493d299b2e849cff3
2014,6,12,+22,5e7ac44493d299b2e849cff4
2014,6,13,+17,5e7ac44493d299b2e849cff5
2014,6,14,+15,5e7ac44493d299b2e849cff6
2014,6,15,+13,5e7ac44493d299b2e849cff7
2014,6,16,+16,5e7ac44493d299b2e849cff8
2014,6,17,+20,5e7ac44493d299b2e849cff9
2014,6,18,+20,5e7ac44493d299b2e849cffa
2014,6,19,+21,5e7ac44493d299b2e849cffb
2014,6,20,+22,5e7ac44493d299b2e849cffc
2014,6,21,+26,5e7ac44493d299b2e849cffd
2014,6,22,+24,5e7ac44493d299b2e849cffe
2014,6,23,+26,5e7ac44493d299b2e849cfff
2014,6,24,+30,5e7ac44493d299b2e849d000
2014,6,25,+28,5e7ac44493d299b2e849d001
2014,6,26,+24,5e7ac44493d299b2e849d002
2014,6,27,+18,5e7ac44493d299b2e849d003
2014,6,28,+26,5e7ac44493d299b2e849d004
2014,6,29,+22,5e7ac44493d299b2e849d005
2014,6,30,+23,5e7ac44493d299b2e849d006
2014,7,1,+26,5e7ac44493d299b2e849d007
2014,7,2,+29,5e7ac44493d299b2e849d008
2014,7,3,+30,5e7ac44493d299b2e849d009
2014,7,4,+30,5e7ac44493d299b2e849d00a
2014,7,5,+27,5e7ac44493d299b2e849d00b
2014,7,6,+28,5e7ac44493d299b2e849d00c
2014,7,7,+24,5e7ac44493d299b2e849d00d
2014,7,8,+27,5e7ac44493d299b2e849d00e
2014,7,9,+25,5e7ac44493d299b2e849d00f
2014,7,10,+24,5e7ac44493d299b2e849d010
2014,7,11,+23,5e7ac44493d299b2e849d011
2014,7,12,+20,5e7ac44493d299b2e849d012
2014,7,13,+21,5e7ac44493d299b2e849d013
2014,7,14,+20,5e7ac44493d299b2e849d014
2014,7,15,+21,5e7ac44493d299b2e849d015
2014,7,16,+27,5e7ac44493d299b2e849d016
2014,7,17,+26,5e7ac44493d299b2e849d017
2014,7,18,+25,5e7ac44493d299b2e849d018
2014,7,19,+24,5e7ac44493d299b2e849d019
2014,7,20,+23,5e7ac44493d299b2e849d01a
2014,7,21,+21,5e7ac44493d299b2e849d01b
2014,7,22,+24,5e7ac44493d299b2e849d01c
2014,7,23,+26,5e7ac44493d299b2e849d01d
2014,7,24,+23,5e7ac44493d299b2e849d01e
2014,7,25,+23,5e7ac44493d299b2e849d01f
2014,7,26,+26,5e7ac44493d299b2e849d020
2014,7,27,+28,5e7ac44493d299b2e849d021
2014,7,28,+28,5e7ac44493d299b2e849d022
2014,7,29,+27,5e7ac44493d299b2e849d023
2014,7,30,+27,5e7ac44493d299b2e849d024
2014,7,31,+25,5e7ac44493d299b2e849d025
2014,8,1,+29,5e7ac44493d299b2e849d026
2014,8,2,+28,5e7ac44493d299b2e849d027
2014,8,3,+26,5e7ac44493d299b2e849d028
2014,8,4,+26,5e7ac44493d299b2e849d029
2014,8,5,+22,5e7ac44493d299b2e849d02a
2014,8,6,+17,5e7ac44493d299b2e849d02b
2014,8,7,+25,5e7ac44493d299b2e849d02c
2014,8,8,+23,5e7ac44493d299b2e849d02d
2014,8,9,+26,5e7ac44493d299b2e849d02e
2014,8,10,+26,5e7ac44493d299b2e849d02f
2014,8,11,+23,5e7ac44493d299b2e849d030
2014,8,12,+18,5e7ac44493d299b2e849d031
2014,8,13,+22,5e7ac44493d299b2e849d032
2014,8,14,+24,5e7ac44493d299b2e849d033
2014,8,15,+26,5e7ac44493d299b2e849d034
2014,8,16,+27,5e7ac44493d299b2e849d035
2014,8,17,+22,5e7ac44493d299b2e849d036
2014,8,18,+24,5e7ac44493d299b2e849d037
2014,8,19,+26,5e7ac44493d299b2e849d038
2014,8,20,+26,5e7ac44493d299b2e849d039
2014,8,21,+25,5e7ac44493d299b2e849d03a
2014,8,22,+27,5e7ac44493d299b2e849d03b
2014,8,23,+26,5e7ac44493d299b2e849d03c
2014,8,24,+23,5e7ac44493d299b2e849d03d
2014,8,25,+23,5e7ac44493d299b2e849d03e
2014,8,26,+21,5e7ac44493d299b2e849d03f
2014,8,27,+24,5e7ac44493d299b2e849d040
2014,8,28,+25,5e7ac44493d299b2e849d041
2014,8,29,+26,5e7ac44493d299b2e849d042
2014,8,30,+27,5e7ac44493d299b2e849d043
2014,8,31,+27,5e7ac44493d299b2e849d044
2014,9,1,+28,5e7ac44493d299b2e849d045
2014,9,2,+27,5e7ac44493d299b2e849d046
2014,9,3,+27,5e7ac44493d299b2e849d047
2014,9,4,+16,5e7ac44493d299b2e849d048
2014,9,5,+21,5e7ac44493d299b2e849d049
2014,9,6,+21,5e7ac44493d299b2e849d04a
2014,9,7,+20,5e7ac44493d299b2e849d04b
2014,9,8,+23,5e7ac44493d299b2e849d04c
2014,9,9,+21,5e7ac44493d299b2e849d04d
2014,9,10,+16,5e7ac44493d299b2e849d04e
2014,9,11,+20,5e7ac44493d299b2e849d04f
2014,9,12,+22,5e7ac44493d299b2e849d050
2014,9,13,+24,5e7ac44493d299b2e849d051
2014,9,14,+24,5e7ac44493d299b2e849d052
2014,9,15,+17,5e7ac44493d299b2e849d053
2014,9,16,+16,5e7ac44493d299b2e849d054
2014,9,17,+12,5e7ac44493d299b2e849d055
2014,9,18,+19,5e7ac44493d299b2e849d056
2014,9,19,+17,5e7ac44493d299b2e849d057
2014,9,20,+19,5e7ac44493d299b2e849d058
2014,9,21,+23,5e7ac44493d299b2e849d059
2014,9,22,+21,5e7ac44493d299b2e849d05a
2014,9,23,+17,5e7ac44493d299b2e849d05b
2014,9,24,+12,5e7ac44493d299b2e849d05c
2014,9,25,+18,5e7ac44493d299b2e849d05d
2014,9,26,+21,5e7ac44493d299b2e849d05e
2014,9,27,+12,5e7ac44493d299b2e849d05f
2014,9,28,+18,5e7ac44493d299b2e849d060
2014,9,29,+9,5e7ac44493d299b2e849d061
2014,9,30,+10,5e7ac44493d299b2e849d062
2014,10,1,+13,5e7ac44493d299b2e849d063
2014,10,2,+12,5e7ac44493d299b2e849d064
2014,10,3,+9,5e7ac44493d299b2e849d065
2014,10,4,+10,5e7ac44493d299b2e849d066
2014,10,5,+11,5e7ac44493d299b2e849d067
2014,10,6,+12,5e7ac44493d299b2e849d068
2014,10,7,+14,5e7ac44493d299b2e849d069
2014,10,8,+11,5e7ac44493d299b2e849d06a
2014,10,9,+7,5e7ac44493d299b2e849d06b
2014,10,10,+10,5e7ac44493d299b2e849d06c
2014,10,11,+10,5e7ac44493d299b2e849d06d
2014,10,12,+12,5e7ac44493d299b2e849d06e
2014,10,13,+7,5e7ac44493d299b2e849d06f
2014,10,14,+10,5e7ac44493d299b2e849d070
2014,10,15,+11,5e7ac44493d299b2e849d071
2014,10,16,+13,5e7ac44493d299b2e849d072
2014,10,17,+6,5e7ac44493d299b2e849d073
2014,10,18,+12,5e7ac44493d299b2e849d074
2014,10,19,+18,5e7ac44493d299b2e849d075
2014,10,20,+5,5e7ac44493d299b2e849d076
2014,10,21,0,5e7ac44493d299b2e849d077
2014,10,22,+3,5e7ac44493d299b2e849d078
2014,10,23,+10,5e7ac44493d299b2e849d079
2014,10,24,+11,5e7ac44493d299b2e849d07a
2014,10,25,+4,5e7ac44493d299b2e849d07b
2014,10,26,+1,5e7ac44493d299b2e849d07c
2014,10,27,-1,5e7ac44493d299b2e849d07d
2014,10,28,+2,5e7ac44493d299b2e849d07e
2014,10,29,+3,5e7ac44493d299b2e849d07f
2014,10,30,+3,5e7ac44493d299b2e849d080
2014,10,31,+5,5e7ac44493d299b2e849d081
2014,11,1,0,5e7ac44493d299b2e849d082
2014,11,2,0,5e7ac44493d299b2e849d083
2014,11,3,-2,5e7ac44493d299b2e849d084
2014,11,4,-1,5e7ac44493d299b2e849d085
2014,11,5,+6,5e7ac44493d299b2e849d086
2014,11,6,0,5e7ac44493d299b2e849d087
2014,11,7,-2,5e7ac44493d299b2e849d088
2014,11,8,+2,5e7ac44493d299b2e849d089
2014,11,9,+3,5e7ac44493d299b2e849d08a
2014,11,10,+5,5e7ac44493d299b2e849d08b
2014,11,11,+4,5e7ac44493d299b2e849d08c
2014,11,12,-2,5e7ac44493d299b2e849d08d
2014,11,13,-3,5e7ac44493d299b2e849d08e
2014,11,14,-12,5e7ac44493d299b2e849d08f
2014,11,15,-10,5e7ac44493d299b2e849d090
2014,11,16,-11,5e7ac44493d299b2e849d091
2014,11,17,-11,5e7ac44493d299b2e849d092
2014,11,18,-11,5e7ac44493d299b2e849d093
2014,11,19,-7,5e7ac44493d299b2e849d094
2014,11,20,-8,5e7ac44493d299b2e849d095
2014,11,21,-10,5e7ac44493d299b2e849d096
2014,11,22,-3,5e7ac44493d299b2e849d097
2014,11,23,-8,5e7ac44493d299b2e849d098
2014,11,24,-6,5e7ac44493d299b2e849d099
2014,11,25,-7,5e7ac44493d299b2e849d09a
2014,11,26,-8,5e7ac44493d299b2e849d09b
2014,11,27,-3,5e7ac44493d299b2e849d09c
2014,11,28,-10,5e7ac44493d299b2e849d09d
2014,11,29,-10,5e7ac44493d299b2e849d09e
2014,11,30,-14,5e7ac44493d299b2e849d09f
2014,12,1,-12,5e7ac44493d299b2e849d0a0
2014,12,2,-8,5e7ac44493d299b2e849d0a1
2014,12,3,-15,5e7ac44493d299b2e849d0a2
2014,12,4,-16,5e7ac44493d299b2e849d0a3
2014,12,5,-19,5e7ac44493d299b2e849d0a4
2014,12,6,-17,5e7ac44493d299b2e849d0a5
2014,12,7,-16,5e7ac44493d299b2e849d0a6
2014,12,8,-16,5e7ac44493d299b2e849d0a7
2014,12,9,-19,5e7ac44493d299b2e849d0a8
2014,12,10,-18,5e7ac44493d299b2e849d0a9
2014,12,11,-22,5e7ac44493d299b2e849d0aa
2014,12,12,-21,5e7ac44493d299b2e849d0ab
2014,12,13,-24,5e7ac44493d299b2e849d0ac
2014,12,14,-23,5e7ac44493d299b2e849d0ad
2014,12,15,-22,5e7ac44493d299b2e849d0ae
2014,12,16,-26,5e7ac44493d299b2e849d0af
2014,12,17,-16,5e7ac44493d299b2e849d0b0
2014,12,18,-18,5e7ac44493d299b2e849d0b1
2014,12,19,-19,5e7ac44493d299b2e849d0b2
2014,12,20,-20,5e7ac44493d299b2e849d0b3
2014,12,21,-27,5e7ac44493d299b2e849d0b4
2014,12,22,-23,5e7ac44493d299b2e849d0b5
2014,12,23,-19,5e7ac44493d299b2e849d0b6
2014,12,24,-21,5e7ac44493d299b2e849d0b7
2014,12,25,-24,5e7ac44493d299b2e849d0b8
2014,12,26,-23,5e7ac44493d299b2e849d0b9
2014,12,27,-12,5e7ac44493d299b2e849d0ba
2014,12,28,-9,5e7ac44493d299b2e849d0bb
2014,12,29,-11,5e7ac44493d299b2e849d0bc
2014,12,30,-15,5e7ac44493d299b2e849d0bd
2014,12,31,-19,5e7ac44493d299b2e849d0be
2015,1,1,-21,5e7ac44493d299b2e849d0bf
2015,1,2,-19,5e7ac44493d299b2e849d0c0
2015,1,3,-18,5e7ac44493d299b2e849d0c1
2015,1,4,-15,5e7ac44493d299b2e849d0c2
2015,1,5,-19,5e7ac44493d299b2e849d0c3
2015,1,6,-16,5e7ac44493d299b2e849d0c4
2015,1,7,-9,5e7ac44493d299b2e849d0c5
2015,1,8,-14,5e7ac44493d299b2e849d0c6
2015,1,9,-17,5e7ac44493d299b2e849d0c7
2015,1,10,-16,5e7ac44493d299b2e849d0c8
2015,1,11,-15,5e7ac44493d299b2e849d0c9
2015,1,12,-16,5e7ac44493d299b2e849d0ca
2015,1,13,-10,5e7ac44493d299b2e849d0cb
2015,1,14,-13,5e7ac44493d299b2e849d0cc
2015,1,15,-18,5e7ac44493d299b2e849d0cd
2015,1,16,-20,5e7ac44493d299b2e849d0ce
2015,1,17,-16,5e7ac44493d299b2e849d0cf
2015,1,18,-18,5e7ac44493d299b2e849d0d0
2015,1,19,-19,5e7ac44493d299b2e849d0d1
2015,1,20,-14,5e7ac44493d299b2e849d0d2
2015,1,21,-13,5e7ac44493d299b2e849d0d3
2015,1,22,-13,5e7ac44493d299b2e849d0d4
2015,1,23,-22,5e7ac44493d299b2e849d0d5
2015,1,24,-17,5e7ac44493d299b2e849d0d6
2015,1,25,-18,5e7ac44493d299b2e849d0d7
2015,1,26,-11,5e7ac44493d299b2e849d0d8
2015,1,27,-17,5e7ac44493d299b2e849d0d9
2015,1,28,-18,5e7ac44493d299b2e849d0da
2015,1,29,-13,5e7ac44493d299b2e849d0db
2015,1,30,-10,5e7ac44493d299b2e849d0dc
2015,1,31,-14,5e7ac44493d299b2e849d0dd
2015,2,1,-16,5e7ac44493d299b2e849d0de
2015,2,2,-18,5e7ac44493d299b2e849d0df
2015,2,3,-13,5e7ac44493d299b2e849d0e0
2015,2,4,-13,5e7ac44493d299b2e849d0e1
2015,2,5,-16,5e7ac44493d299b2e849d0e2
2015,2,6,-14,5e7ac44493d299b2e849d0e3
2015,2,7,-14,5e7ac44493d299b2e849d0e4
2015,2,8,-21,5e7ac44493d299b2e849d0e5
2015,2,9,-20,5e7ac44493d299b2e849d0e6
2015,2,10,-16,5e7ac44493d299b2e849d0e7
2015,2,11,-13,5e7ac44493d299b2e849d0e8
2015,2,12,-12,5e7ac44493d299b2e849d0e9
2015,2,13,-11,5e7ac44493d299b2e849d0ea
2015,2,14,-8,5e7ac44493d299b2e849d0eb
2015,2,15,-5,5e7ac44493d299b2e849d0ec
2015,2,16,-11,5e7ac44493d299b2e849d0ed
2015,2,17,-8,5e7ac44493d299b2e849d0ee
2015,2,18,-4,5e7ac44493d299b2e849d0ef
2015,2,19,-6,5e7ac44493d299b2e849d0f0
2015,2,20,-5,5e7ac44493d299b2e849d0f1
2015,2,21,-8,5e7ac44493d299b2e849d0f2
2015,2,22,-6,5e7ac44493d299b2e849d0f3
2015,2,23,-9,5e7ac44493d299b2e849d0f4
2015,2,24,-7,5e7ac44493d299b2e849d0f5
2015,2,25,-8,5e7ac44493d299b2e849d0f6
2015,2,26,-11,5e7ac44493d299b2e849d0f7
2015,2,27,-10,5e7ac44493d299b2e849d0f8
2015,2,28,-5,5e7ac44493d299b2e849d0f9
2015,3,1,-7,5e7ac44493d299b2e849d0fa
2015,3,2,-7,5e7ac44493d299b2e849d0fb
2015,3,3,-8,5e7ac44493d299b2e849d0fc
2015,3,4,-9,5e7ac44493d299b2e849d0fd
2015,3,5,-6,5e7ac44493d299b2e849d0fe
2015,3,6,-2,5e7ac44493d299b2e849d0ff
2015,3,7,+1,5e7ac44493d299b2e849d100
2015,3,8,-4,5e7ac44493d299b2e849d101
2015,3,9,-6,5e7ac44493d299b2e849d102
2015,3,10,-7,5e7ac44493d299b2e849d103
2015,3,11,+1,5e7ac44493d299b2e849d104
2015,3,12,-1,5e7ac44493d299b2e849d105
2015,3,13,0,5e7ac44493d299b2e849d106
2015,3,14,+1,5e7ac44493d299b2e849d107
2015,3,15,+1,5e7ac44493d299b2e849d108
2015,3,16,+3,5e7ac44493d299b2e849d109
2015,3,17,+2,5e7ac44493d299b2e849d10a
2015,3,18,+2,5e7ac44493d299b2e849d10b
2015,3,19,+3,5e7ac44493d299b2e849d10c
2015,3,20,+2,5e7ac44493d299b2e849d10d
2015,3,21,+4,5e7ac44493d299b2e849d10e
2015,3,22,+1,5e7ac44493d299b2e849d10f
2015,3,23,+3,5e7ac44493d299b2e849d110
2015,3,24,+2,5e7ac44493d299b2e849d111
2015,3,25,+3,5e7ac44493d299b2e849d112
2015,3,26,+6,5e7ac44493d299b2e849d113
2015,3,27,+7,5e7ac44493d299b2e849d114
2015,3,28,+4,5e7ac44493d299b2e849d115
2015,3,29,+4,5e7ac44493d299b2e849d116
2015,3,30,+5,5e7ac44493d299b2e849d117
2015,3,31,+4,5e7ac44493d299b2e849d118
2015,4,1,+4,5e7ac44493d299b2e849d119
2015,4,2,+5,5e7ac44493d299b2e849d11a
2015,4,3,+5,5e7ac44493d299b2e849d11b
2015,4,4,-2,5e7ac44493d299b2e849d11c
2015,4,5,-4,5e7ac44493d299b2e849d11d
2015,4,6,-1,5e7ac44493d299b2e849d11e
2015,4,7,-2,5e7ac44493d299b2e849d11f
2015,4,8,+2,5e7ac44493d299b2e849d120
2015,4,9,+1,5e7ac44493d299b2e849d121
2015,4,10,+2,5e7ac44493d299b2e849d122
2015,4,11,0,5e7ac44493d299b2e849d123
2015,4,13,+8,5e7ac44493d299b2e849d124
2015,4,14,+14,5e7ac44493d299b2e849d125
2015,4,15,+9,5e7ac44493d299b2e849d126
2015,4,16,+15,5e7ac44493d299b2e849d127
2015,4,17,0,5e7ac44493d299b2e849d128
2015,4,18,+8,5e7ac44493d299b2e849d129
2015,4,19,+8,5e7ac44493d299b2e849d12a
2015,4,20,+12,5e7ac44493d299b2e849d12b
2015,4,21,+4,5e7ac44493d299b2e849d12c
2015,4,22,+8,5e7ac44493d299b2e849d12d
2015,4,23,+9,5e7ac44493d299b2e849d12e
2015,4,24,+8,5e7ac44493d299b2e849d12f
2015,4,25,+14,5e7ac44493d299b2e849d130
2015,4,26,+9,5e7ac44493d299b2e849d131
2015,4,27,+15,5e7ac44493d299b2e849d132
2015,4,28,+19,5e7ac44493d299b2e849d133
2015,4,29,+16,5e7ac44493d299b2e849d134
2015,4,30,+21,5e7ac44493d299b2e849d135
2015,5,1,+14,5e7ac44493d299b2e849d136
2015,5,2,+15,5e7ac44493d299b2e849d137
2015,5,3,+16,5e7ac44493d299b2e849d138
2015,5,4,+7,5e7ac44493d299b2e849d139
2015,5,5,+3,5e7ac44493d299b2e849d13a
2015,5,6,+5,5e7ac44493d299b2e849d13b
2015,5,7,+6,5e7ac44493d299b2e849d13c
2015,5,8,+10,5e7ac44493d299b2e849d13d
2015,5,9,+15,5e7ac44493d299b2e849d13e
2015,5,10,+24,5e7ac44493d299b2e849d13f
2015,5,11,+20,5e7ac44493d299b2e849d140
2015,5,13,+13,5e7ac44493d299b2e849d141
2015,5,14,+14,5e7ac44493d299b2e849d142
2015,5,15,+10,5e7ac44493d299b2e849d143
2015,5,16,+12,5e7ac44493d299b2e849d144
2015,5,17,+12,5e7ac44493d299b2e849d145
2015,5,18,+16,5e7ac44493d299b2e849d146
2015,5,19,+8,5e7ac44493d299b2e849d147
2015,5,20,+12,5e7ac44493d299b2e849d148
2015,5,21,+13,5e7ac44493d299b2e849d149
2015,5,22,+17,5e7ac44493d299b2e849d14a
2015,5,23,+17,5e7ac44493d299b2e849d14b
2015,5,24,+14,5e7ac44493d299b2e849d14c
2015,5,25,+17,5e7ac44493d299b2e849d14d
2015,5,26,+21,5e7ac44493d299b2e849d14e
2015,5,27,+22,5e7ac44493d299b2e849d14f
2015,5,28,+22,5e7ac44493d299b2e849d150
2015,5,29,+22,5e7ac44493d299b2e849d151
2015,5,30,+20,5e7ac44493d299b2e849d152
2015,5,31,+20,5e7ac44493d299b2e849d153
2015,6,1,+12,5e7ac44493d299b2e849d154
2015,6,2,+16,5e7ac44493d299b2e849d155
2015,6,3,+16,5e7ac44493d299b2e849d156
2015,6,4,+17,5e7ac44493d299b2e849d157
2015,6,5,+15,5e7ac44493d299b2e849d158
2015,6,6,+18,5e7ac44493d299b2e849d159
2015,6,7,+22,5e7ac44493d299b2e849d15a
2015,6,8,+23,5e7ac44493d299b2e849d15b
2015,6,9,+18,5e7ac44493d299b2e849d15c
2015,6,10,+19,5e7ac44493d299b2e849d15d
2015,6,11,+23,5e7ac44493d299b2e849d15e
2015,6,12,+27,5e7ac44493d299b2e849d15f
2015,6,13,+27,5e7ac44493d299b2e849d160
2015,6,14,+26,5e7ac44493d299b2e849d161
2015,6,15,+28,5e7ac44493d299b2e849d162
2015,6,16,+30,5e7ac44493d299b2e849d163
2015,6,17,+22,5e7ac44493d299b2e849d164
2015,6,18,+20,5e7ac44493d299b2e849d165
2015,6,19,+25,5e7ac44493d299b2e849d166
2015,6,20,+24,5e7ac44493d299b2e849d167
2015,6,21,+24,5e7ac44493d299b2e849d168
2015,6,22,+17,5e7ac44493d299b2e849d169
2015,6,23,+23,5e7ac44493d299b2e849d16a
2015,6,24,+23,5e7ac44493d299b2e849d16b
2015,6,25,+24,5e7ac44493d299b2e849d16c
2015,6,26,+15,5e7ac44493d299b2e849d16d
2015,6,27,+21,5e7ac44493d299b2e849d16e
2015,6,28,+24,5e7ac44493d299b2e849d16f
2015,6,29,+18,5e7ac44493d299b2e849d170
2015,6,30,+20,5e7ac44493d299b2e849d171
2015,7,1,+23,5e7ac44493d299b2e849d172
2015,7,2,+19,5e7ac44493d299b2e849d173
2015,7,3,+20,5e7ac44493d299b2e849d174
2015,7,4,+18,5e7ac44493d299b2e849d175
2015,7,5,+20,5e7ac44493d299b2e849d176
2015,7,6,+15,5e7ac44493d299b2e849d177
2015,7,7,+18,5e7ac44493d299b2e849d178
2015,7,8,+23,5e7ac44493d299b2e849d179
2015,7,9,+26,5e7ac44493d299b2e849d17a
2015,7,10,+31,5e7ac44493d299b2e849d17b
2015,7,11,+31,5e7ac44493d299b2e849d17c
2015,7,12,+27,5e7ac44493d299b2e849d17d
2015,7,13,+18,5e7ac44493d299b2e849d17e
2015,7,14,+13,5e7ac44493d299b2e849d17f
2015,7,15,+20,5e7ac44493d299b2e849d180
2015,7,16,+23,5e7ac44493d299b2e849d181
2015,7,17,+27,5e7ac44493d299b2e849d182
2015,7,18,+27,5e7ac44493d299b2e849d183
2015,7,19,+29,5e7ac44493d299b2e849d184
2015,7,20,+30,5e7ac44493d299b2e849d185
2015,7,21,+31,5e7ac44493d299b2e849d186
2015,7,22,+26,5e7ac44493d299b2e849d187
2015,7,23,+28,5e7ac44493d299b2e849d188
2015,7,24,+25,5e7ac44493d299b2e849d189
2015,7,25,+26,5e7ac44493d299b2e849d18a
2015,7,26,+23,5e7ac44493d299b2e849d18b
2015,7,27,+29,5e7ac44493d299b2e849d18c
2015,7,28,+27,5e7ac44493d299b2e849d18d
2015,7,29,+26,5e7ac44493d299b2e849d18e
2015,7,30,+26,5e7ac44493d299b2e849d18f
2015,7,31,+22,5e7ac44493d299b2e849d190
2015,8,1,+27,5e7ac44493d299b2e849d191
2015,8,2,+28,5e7ac44493d299b2e849d192
2015,8,3,+21,5e7ac44493d299b2e849d193
2015,8,4,+27,5e7ac44493d299b2e849d194
2015,8,5,+28,5e7ac44493d299b2e849d195
2015,8,6,+27,5e7ac44493d299b2e849d196
2015,8,7,+22,5e7ac44493d299b2e849d197
2015,8,8,+27,5e7ac44493d299b2e849d198
2015,8,9,+20,5e7ac44493d299b2e849d199
2015,8,10,+22,5e7ac44493d299b2e849d19a
2015,8,11,+25,5e7ac44493d299b2e849d19b
2015,8,12,+28,5e7ac44493d299b2e849d19c
2015,8,13,+28,5e7ac44493d299b2e849d19d
2015,8,14,+28,5e7ac44493d299b2e849d19e
2015,8,15,+27,5e7ac44493d299b2e849d19f
2015,8,16,+28,5e7ac44493d299b2e849d1a0
2015,8,17,+27,5e7ac44493d299b2e849d1a1
2015,8,18,+22,5e7ac44493d299b2e849d1a2
2015,8,19,+25,5e7ac44493d299b2e849d1a3
2015,8,20,+22,5e7ac44493d299b2e849d1a4
2015,8,21,+24,5e7ac44493d299b2e849d1a5
2015,8,22,+23,5e7ac44493d299b2e849d1a6
2015,8,23,+24,5e7ac44493d299b2e849d1a7
2015,8,24,+24,5e7ac44493d299b2e849d1a8
2015,8,25,+26,5e7ac44493d299b2e849d1a9
2015,8,26,+26,5e7ac44493d299b2e849d1aa
2015,8,27,+22,5e7ac44493d299b2e849d1ab
2015,8,28,+22,5e7ac44493d299b2e849d1ac
2015,8,29,+22,5e7ac44493d299b2e849d1ad
2015,8,30,+24,5e7ac44493d299b2e849d1ae
2015,8,31,+25,5e7ac44493d299b2e849d1af
2015,9,1,+26,5e7ac44493d299b2e849d1b0
2015,9,2,+27,5e7ac44493d299b2e849d1b1
2015,9,3,+20,5e7ac44493d299b2e849d1b2
2015,9,4,+17,5e7ac44493d299b2e849d1b3
2015,9,5,+18,5e7ac44493d299b2e849d1b4
2015,9,6,+21,5e7ac44493d299b2e849d1b5
2015,9,7,+17,5e7ac44493d299b2e849d1b6
2015,9,8,+19,5e7ac44493d299b2e849d1b7
2015,9,9,+22,5e7ac44493d299b2e849d1b8
2015,9,10,+14,5e7ac44493d299b2e849d1b9
2015,9,11,+16,5e7ac44493d299b2e849d1ba
2015,9,12,+17,5e7ac44493d299b2e849d1bb
2015,9,13,+19,5e7ac44493d299b2e849d1bc
2015,9,14,+22,5e7ac44493d299b2e849d1bd
2015,9,15,+24,5e7ac44493d299b2e849d1be
2015,9,16,+25,5e7ac44493d299b2e849d1bf
2015,9,17,+26,5e7ac44493d299b2e849d1c0
2015,9,18,+26,5e7ac44493d299b2e849d1c1
2015,9,19,+25,5e7ac44493d299b2e849d1c2
2015,9,20,+19,5e7ac44493d299b2e849d1c3
2015,9,21,+19,5e7ac44493d299b2e849d1c4
2015,9,22,+20,5e7ac44493d299b2e849d1c5
2015,9,23,+23,5e7ac44493d299b2e849d1c6
2015,9,24,+14,5e7ac44493d299b2e849d1c7
2015,9,25,+12,5e7ac44493d299b2e849d1c8
2015,9,26,+15,5e7ac44493d299b2e849d1c9
2015,9,27,+11,5e7ac44493d299b2e849d1ca
2015,9,28,+10,5e7ac44493d299b2e849d1cb
2015,9,29,+13,5e7ac44493d299b2e849d1cc
2015,9,30,+15,5e7ac44493d299b2e849d1cd
2015,10,1,+12,5e7ac44493d299b2e849d1ce
2015,10,2,+11,5e7ac44493d299b2e849d1cf
2015,10,3,+7,5e7ac44493d299b2e849d1d0
2015,10,4,+14,5e7ac44493d299b2e849d1d1
2015,10,5,+15,5e7ac44493d299b2e849d1d2
2015,10,6,+18,5e7ac44493d299b2e849d1d3
2015,10,7,+20,5e7ac44493d299b2e849d1d4
2015,10,8,+21,5e7ac44493d299b2e849d1d5
2015,10,9,+10,5e7ac44493d299b2e849d1d6
2015,10,10,+6,5e7ac44493d299b2e849d1d7
2015,10,11,+8,5e7ac44493d299b2e849d1d8
2015,10,12,+8,5e7ac44493d299b2e849d1d9
2015,10,13,+6,5e7ac44493d299b2e849d1da
2015,10,14,+8,5e7ac44493d299b2e849d1db
2015,10,15,+13,5e7ac44493d299b2e849d1dc
2015,10,16,+17,5e7ac44493d299b2e849d1dd
2015,10,17,+20,5e7ac44493d299b2e849d1de
2015,10,18,+7,5e7ac44493d299b2e849d1df
2015,10,19,+6,5e7ac44493d299b2e849d1e0
2015,10,20,+3,5e7ac44493d299b2e849d1e1
2015,10,21,+5,5e7ac44493d299b2e849d1e2
2015,10,22,+9,5e7ac44493d299b2e849d1e3
2015,10,23,+12,5e7ac44493d299b2e849d1e4
2015,10,24,-2,5e7ac44493d299b2e849d1e5
2015,10,25,-2,5e7ac44493d299b2e849d1e6
2015,10,26,+3,5e7ac44493d299b2e849d1e7
2015,10,27,+4,5e7ac44493d299b2e849d1e8
2015,10,28,0,5e7ac44493d299b2e849d1e9
2015,10,29,-3,5e7ac44493d299b2e849d1ea
2015,10,30,0,5e7ac44493d299b2e849d1eb
2015,10,31,+1,5e7ac44493d299b2e849d1ec
2015,11,2,+8,5e7ac44493d299b2e849d1ed
2015,11,3,+10,5e7ac44493d299b2e849d1ee
2015,11,4,+14,5e7ac44493d299b2e849d1ef
2015,11,5,+3,5e7ac44493d299b2e849d1f0
2015,11,6,-3,5e7ac44493d299b2e849d1f1
2015,11,7,-4,5e7ac44493d299b2e849d1f2
2015,11,8,-1,5e7ac44493d299b2e849d1f3
2015,11,9,-1,5e7ac44493d299b2e849d1f4
2015,11,10,-2,5e7ac44493d299b2e849d1f5
2015,11,11,0,5e7ac44493d299b2e849d1f6
2015,11,12,+3,5e7ac44493d299b2e849d1f7
2015,11,13,+5,5e7ac44493d299b2e849d1f8
2015,11,14,+8,5e7ac44493d299b2e849d1f9
2015,11,15,+5,5e7ac44493d299b2e849d1fa
2015,11,16,-6,5e7ac44493d299b2e849d1fb
2015,11,17,-6,5e7ac44493d299b2e849d1fc
2015,11,18,-9,5e7ac44493d299b2e849d1fd
2015,11,19,-9,5e7ac44493d299b2e849d1fe
2015,11,20,-9,5e7ac44493d299b2e849d1ff
2015,11,21,-10,5e7ac44493d299b2e849d200
2015,11,22,-11,5e7ac44493d299b2e849d201
2015,11,23,-12,5e7ac44493d299b2e849d202
2015,11,24,-13,5e7ac44493d299b2e849d203
2015,11,25,-11,5e7ac44493d299b2e849d204
2015,11,26,-11,5e7ac44493d299b2e849d205
2015,11,27,-10,5e7ac44493d299b2e849d206
2015,11,28,-10,5e7ac44493d299b2e849d207
2015,11,29,-11,5e7ac44493d299b2e849d208
2015,11,30,-11,5e7ac44493d299b2e849d209
2015,12,1,-13,5e7ac44493d299b2e849d20a
2015,12,2,-10,5e7ac44493d299b2e849d20b
2015,12,3,-10,5e7ac44493d299b2e849d20c
2015,12,4,-9,5e7ac44493d299b2e849d20d
2015,12,5,-9,5e7ac44493d299b2e849d20e
2015,12,6,-12,5e7ac44493d299b2e849d20f
2015,12,7,-13,5e7ac44493d299b2e849d210
2015,12,8,-12,5e7ac44493d299b2e849d211
2015,12,9,-7,5e7ac44493d299b2e849d212
2015,12,10,-9,5e7ac44493d299b2e849d213
2015,12,11,-13,5e7ac44493d299b2e849d214
2015,12,12,-9,5e7ac44493d299b2e849d215
2015,12,13,-11,5e7ac44493d299b2e849d216
2015,12,14,-11,5e7ac44493d299b2e849d217
2015,12,15,-11,5e7ac44493d299b2e849d218
2015,12,16,-13,5e7ac44493d299b2e849d219
2015,12,17,-14,5e7ac44493d299b2e849d21a
2015,12,18,-12,5e7ac44493d299b2e849d21b
2015,12,19,-12,5e7ac44493d299b2e849d21c
2015,12,20,-11,5e7ac44493d299b2e849d21d
2015,12,21,-19,5e7ac44493d299b2e849d21e
2015,12,22,-16,5e7ac44493d299b2e849d21f
2015,12,23,-13,5e7ac44493d299b2e849d220
2015,12,24,-16,5e7ac44493d299b2e849d221
2015,12,25,-20,5e7ac44493d299b2e849d222
2015,12,27,-20,5e7ac44493d299b2e849d223
2015,12,28,-19,5e7ac44493d299b2e849d224
2015,12,29,-19,5e7ac44493d299b2e849d225
2015,12,30,-16,5e7ac44493d299b2e849d226
2015,12,31,-17,5e7ac44493d299b2e849d227
2016,1,1,-14,5e7ac44493d299b2e849d228
2016,1,2,-15,5e7ac44493d299b2e849d229
2016,1,3,-15,5e7ac44493d299b2e849d22a
2016,1,4,-16,5e7ac44493d299b2e849d22b
2016,1,5,-17,5e7ac44493d299b2e849d22c
2016,1,6,-15,5e7ac44493d299b2e849d22d
2016,1,7,-14,5e7ac44493d299b2e849d22e
2016,1,8,-14,5e7ac44493d299b2e849d22f
2016,1,9,-16,5e7ac44493d299b2e849d230
2016,1,10,-21,5e7ac44493d299b2e849d231
2016,1,11,-21,5e7ac44493d299b2e849d232
2016,1,12,-18,5e7ac44493d299b2e849d233
2016,1,13,-22,5e7ac44493d299b2e849d234
2016,1,14,-23,5e7ac44493d299b2e849d235
2016,1,15,-20,5e7ac44493d299b2e849d236
2016,1,16,-18,5e7ac44493d299b2e849d237
2016,1,17,-18,5e7ac44493d299b2e849d238
2016,1,18,-21,5e7ac44493d299b2e849d239
2016,1,19,-14,5e7ac44493d299b2e849d23a
2016,1,20,-9,5e7ac44493d299b2e849d23b
2016,1,21,-13,5e7ac44493d299b2e849d23c
2016,1,22,-15,5e7ac44493d299b2e849d23d
2016,1,23,-19,5e7ac44493d299b2e849d23e
2016,1,24,-21,5e7ac44493d299b2e849d23f
2016,1,25,-15,5e7ac44493d299b2e849d240
2016,1,26,-13,5e7ac44493d299b2e849d241
2016,1,27,-14,5e7ac44493d299b2e849d242
2016,1,28,-17,5e7ac44493d299b2e849d243
2016,1,29,-18,5e7ac44493d299b2e849d244
2016,1,30,-21,5e7ac44493d299b2e849d245
2016,1,31,-20,5e7ac44493d299b2e849d246
2016,2,1,-17,5e7ac44493d299b2e849d247
2016,2,2,-13,5e7ac44493d299b2e849d248
2016,2,3,-11,5e7ac44493d299b2e849d249
2016,2,4,-10,5e7ac44493d299b2e849d24a
2016,2,5,-16,5e7ac44493d299b2e849d24b
2016,2,6,-18,5e7ac44493d299b2e849d24c
2016,2,7,-18,5e7ac44493d299b2e849d24d
2016,2,8,-17,5e7ac44493d299b2e849d24e
2016,2,9,-14,5e7ac44493d299b2e849d24f
2016,2,10,-14,5e7ac44493d299b2e849d250
2016,2,11,-8,5e7ac44493d299b2e849d251
2016,2,12,-3,5e7ac44493d299b2e849d252
2016,2,13,-9,5e7ac44493d299b2e849d253
2016,2,14,-15,5e7ac44493d299b2e849d254
2016,2,15,-18,5e7ac44493d299b2e849d255
2016,2,16,-13,5e7ac44493d299b2e849d256
2016,2,17,-16,5e7ac44493d299b2e849d257
2016,2,18,-9,5e7ac44493d299b2e849d258
2016,2,19,-8,5e7ac44493d299b2e849d259
2016,2,20,-8,5e7ac44493d299b2e849d25a
2016,2,21,-9,5e7ac44493d299b2e849d25b
2016,2,22,-15,5e7ac44493d299b2e849d25c
2016,2,23,-18,5e7ac44493d299b2e849d25d
2016,2,24,-16,5e7ac44493d299b2e849d25e
2016,2,25,-15,5e7ac44493d299b2e849d25f
2016,2,26,-13,5e7ac44493d299b2e849d260
2016,2,27,-12,5e7ac44493d299b2e849d261
2016,2,28,-11,5e7ac44493d299b2e849d262
2016,2,29,-11,5e7ac44493d299b2e849d263
2016,3,1,-10,5e7ac44493d299b2e849d264
2016,3,2,-8,5e7ac44493d299b2e849d265
2016,3,3,-7,5e7ac44493d299b2e849d266
2016,3,4,-3,5e7ac44493d299b2e849d267
2016,3,5,-4,5e7ac44493d299b2e849d268
2016,3,6,+1,5e7ac44493d299b2e849d269
2016,3,7,-1,5e7ac44493d299b2e849d26a
2016,3,8,-5,5e7ac44493d299b2e849d26b
2016,3,9,-6,5e7ac44493d299b2e849d26c
2016,3,10,-7,5e7ac44493d299b2e849d26d
2016,3,11,-6,5e7ac44493d299b2e849d26e
2016,3,12,-2,5e7ac44493d299b2e849d26f
2016,3,13,-3,5e7ac44493d299b2e849d270
2016,3,14,-5,5e7ac44493d299b2e849d271
2016,3,15,-3,5e7ac44493d299b2e849d272
2016,3,16,-2,5e7ac44493d299b2e849d273
2016,3,17,+2,5e7ac44493d299b2e849d274
2016,3,18,-2,5e7ac44493d299b2e849d275
2016,3,19,-1,5e7ac44493d299b2e849d276
2016,3,20,-2,5e7ac44493d299b2e849d277
2016,3,21,0,5e7ac44493d299b2e849d278
2016,3,22,+2,5e7ac44493d299b2e849d279
2016,3,23,+1,5e7ac44493d299b2e849d27a
2016,3,24,+3,5e7ac44493d299b2e849d27b
2016,3,25,+6,5e7ac44493d299b2e849d27c
2016,3,26,+8,5e7ac44493d299b2e849d27d
2016,3,27,+3,5e7ac44493d299b2e849d27e
2016,3,28,+7,5e7ac44493d299b2e849d27f
2016,3,29,+8,5e7ac44493d299b2e849d280
2016,3,30,+5,5e7ac44493d299b2e849d281
2016,3,31,+4,5e7ac44493d299b2e849d282
2016,4,1,+11,5e7ac44493d299b2e849d283
2016,4,2,+6,5e7ac44493d299b2e849d284
2016,4,3,+5,5e7ac44493d299b2e849d285
2016,4,4,+6,5e7ac44493d299b2e849d286
2016,4,5,+7,5e7ac44493d299b2e849d287
2016,4,6,+12,5e7ac44493d299b2e849d288
2016,4,7,+7,5e7ac44493d299b2e849d289
2016,4,8,+4,5e7ac44493d299b2e849d28a
2016,4,9,+2,5e7ac44493d299b2e849d28b
2016,4,10,+4,5e7ac44493d299b2e849d28c
2016,4,11,+8,5e7ac44493d299b2e849d28d
2016,4,12,+10,5e7ac44493d299b2e849d28e
2016,4,13,+6,5e7ac44493d299b2e849d28f
2016,4,14,+9,5e7ac44493d299b2e849d290
2016,4,15,+11,5e7ac44493d299b2e849d291
2016,4,16,+12,5e7ac44493d299b2e849d292
2016,4,17,+7,5e7ac44493d299b2e849d293
2016,4,18,+7,5e7ac44493d299b2e849d294
2016,4,19,+10,5e7ac44493d299b2e849d295
2016,4,20,+7,5e7ac44493d299b2e849d296
2016,4,21,+17,5e7ac44493d299b2e849d297
2016,4,22,+4,5e7ac44493d299b2e849d298
2016,4,23,+8,5e7ac44493d299b2e849d299
2016,4,24,+9,5e7ac44493d299b2e849d29a
2016,4,25,+8,5e7ac44493d299b2e849d29b
2016,4,26,+12,5e7ac44493d299b2e849d29c
2016,4,27,+15,5e7ac44493d299b2e849d29d
2016,4,28,+12,5e7ac44493d299b2e849d29e
2016,4,29,+11,5e7ac44493d299b2e849d29f
2016,4,30,+7,5e7ac44493d299b2e849d2a0
2016,5,1,+12,5e7ac44493d299b2e849d2a1
2016,5,2,+7,5e7ac44493d299b2e849d2a2
2016,5,3,+10,5e7ac44493d299b2e849d2a3
2016,5,4,+10,5e7ac44493d299b2e849d2a4
2016,5,5,+10,5e7ac44493d299b2e849d2a5
2016,5,6,+14,5e7ac44493d299b2e849d2a6
2016,5,7,+12,5e7ac44493d299b2e849d2a7
2016,5,8,+18,5e7ac44493d299b2e849d2a8
2016,5,9,+18,5e7ac44493d299b2e849d2a9
2016,5,10,+24,5e7ac44493d299b2e849d2aa
2016,5,11,+23,5e7ac44493d299b2e849d2ab
2016,5,12,+19,5e7ac44493d299b2e849d2ac
2016,5,13,+12,5e7ac44493d299b2e849d2ad
2016,5,14,+21,5e7ac44493d299b2e849d2ae
2016,5,15,+10,5e7ac44493d299b2e849d2af
2016,5,16,+10,5e7ac44493d299b2e849d2b0
2016,5,17,+12,5e7ac44493d299b2e849d2b1
2016,5,18,+25,5e7ac44493d299b2e849d2b2
2016,5,19,+29,5e7ac44493d299b2e849d2b3
2016,5,20,+30,5e7ac44493d299b2e849d2b4
2016,5,21,+28,5e7ac44493d299b2e849d2b5
2016,5,22,+21,5e7ac44493d299b2e849d2b6
2016,5,23,+21,5e7ac44493d299b2e849d2b7
2016,5,24,+16,5e7ac44493d299b2e849d2b8
2016,5,25,+16,5e7ac44493d299b2e849d2b9
2016,5,26,+20,5e7ac44493d299b2e849d2ba
2016,5,27,+16,5e7ac44493d299b2e849d2bb
2016,5,28,+19,5e7ac44493d299b2e849d2bc
2016,5,29,+16,5e7ac44493d299b2e849d2bd
2016,5,30,+19,5e7ac44493d299b2e849d2be
2016,5,31,+21,5e7ac44493d299b2e849d2bf
2016,6,1,+21,5e7ac44493d299b2e849d2c0
2016,6,2,+20,5e7ac44493d299b2e849d2c1
2016,6,3,+16,5e7ac44493d299b2e849d2c2
2016,6,4,+19,5e7ac44493d299b2e849d2c3
2016,6,5,+18,5e7ac44493d299b2e849d2c4
2016,6,6,+20,5e7ac44493d299b2e849d2c5
2016,6,7,+15,5e7ac44493d299b2e849d2c6
2016,6,8,+23,5e7ac44493d299b2e849d2c7
2016,6,9,+20,5e7ac44493d299b2e849d2c8
2016,6,10,+17,5e7ac44493d299b2e849d2c9
2016,6,11,+15,5e7ac44493d299b2e849d2ca
2016,6,12,+14,5e7ac44493d299b2e849d2cb
2016,6,13,+20,5e7ac44493d299b2e849d2cc
2016,6,14,+18,5e7ac44493d299b2e849d2cd
2016,6,15,+21,5e7ac44493d299b2e849d2ce
2016,6,16,+23,5e7ac44493d299b2e849d2cf
2016,6,17,+22,5e7ac44493d299b2e849d2d0
2016,6,18,+24,5e7ac44493d299b2e849d2d1
2016,6,19,+19,5e7ac44493d299b2e849d2d2
2016,6,20,+24,5e7ac44493d299b2e849d2d3
2016,6,21,+28,5e7ac44493d299b2e849d2d4
2016,6,22,+27,5e7ac44493d299b2e849d2d5
2016,6,23,+23,5e7ac44493d299b2e849d2d6
2016,6,24,+20,5e7ac44493d299b2e849d2d7
2016,6,25,+23,5e7ac44493d299b2e849d2d8
2016,6,26,+23,5e7ac44493d299b2e849d2d9
2016,6,27,+26,5e7ac44493d299b2e849d2da
2016,6,28,+27,5e7ac44493d299b2e849d2db
2016,6,29,+29,5e7ac44493d299b2e849d2dc
2016,6,30,+27,5e7ac44493d299b2e849d2dd
2016,7,1,+24,5e7ac44493d299b2e849d2de
2016,7,2,+26,5e7ac44493d299b2e849d2df
2016,7,3,+20,5e7ac44493d299b2e849d2e0
2016,7,4,+26,5e7ac44493d299b2e849d2e1
2016,7,5,+27,5e7ac44493d299b2e849d2e2
2016,7,6,+28,5e7ac44493d299b2e849d2e3
2016,7,7,+27,5e7ac44493d299b2e849d2e4
2016,7,8,+28,5e7ac44493d299b2e849d2e5
2016,7,9,+21,5e7ac44493d299b2e849d2e6
2016,7,10,+26,5e7ac44493d299b2e849d2e7
2016,7,11,+28,5e7ac44493d299b2e849d2e8
2016,7,12,+29,5e7ac44493d299b2e849d2e9
2016,7,13,+26,5e7ac44493d299b2e849d2ea
2016,7,14,+17,5e7ac44493d299b2e849d2eb
2016,7,15,+15,5e7ac44493d299b2e849d2ec
2016,7,16,+20,5e7ac44493d299b2e849d2ed
2016,7,17,+24,5e7ac44493d299b2e849d2ee
2016,7,18,+27,5e7ac44493d299b2e849d2ef
2016,7,19,+29,5e7ac44493d299b2e849d2f0
2016,7,20,+30,5e7ac44493d299b2e849d2f1
2016,7,21,+30,5e7ac44493d299b2e849d2f2
2016,7,22,+31,5e7ac44493d299b2e849d2f3
2016,7,23,+28,5e7ac44493d299b2e849d2f4
2016,7,24,+20,5e7ac44493d299b2e849d2f5
2016,7,25,+24,5e7ac44493d299b2e849d2f6
2016,7,26,+20,5e7ac44493d299b2e849d2f7
2016,7,27,+24,5e7ac44493d299b2e849d2f8
2016,7,28,+29,5e7ac44493d299b2e849d2f9
2016,7,29,+25,5e7ac44493d299b2e849d2fa
2016,7,30,+25,5e7ac44493d299b2e849d2fb
2016,7,31,+26,5e7ac44493d299b2e849d2fc
2016,8,1,+25,5e7ac44493d299b2e849d2fd
2016,8,2,+29,5e7ac44493d299b2e849d2fe
2016,8,3,+27,5e7ac44493d299b2e849d2ff
2016,8,4,+21,5e7ac44493d299b2e849d300
2016,8,5,+24,5e7ac44493d299b2e849d301
2016,8,6,+25,5e7ac44493d299b2e849d302
2016,8,7,+23,5e7ac44493d299b2e849d303
2016,8,8,+24,5e7ac44493d299b2e849d304
2016,8,9,+26,5e7ac44493d299b2e849d305
2016,8,10,+26,5e7ac44493d299b2e849d306
2016,8,11,+28,5e7ac44493d299b2e849d307
2016,8,12,+29,5e7ac44493d299b2e849d308
2016,8,13,+27,5e7ac44493d299b2e849d309
2016,8,14,+26,5e7ac44493d299b2e849d30a
2016,8,15,+23,5e7ac44493d299b2e849d30b
2016,8,16,+24,5e7ac44493d299b2e849d30c
2016,8,17,+26,5e7ac44493d299b2e849d30d
2016,8,18,+25,5e7ac44493d299b2e849d30e
2016,8,19,+24,5e7ac44493d299b2e849d30f
2016,8,20,+26,5e7ac44493d299b2e849d310
2016,8,21,+26,5e7ac44493d299b2e849d311
2016,8,22,+21,5e7ac44493d299b2e849d312
2016,8,23,+22,5e7ac44493d299b2e849d313
2016,8,24,+24,5e7ac44493d299b2e849d314
2016,8,25,+15,5e7ac44493d299b2e849d315
2016,8,26,+20,5e7ac44493d299b2e849d316
2016,8,27,+24,5e7ac44493d299b2e849d317
2016,8,28,+25,5e7ac44493d299b2e849d318
2016,8,29,+15,5e7ac44493d299b2e849d319
2016,8,30,+17,5e7ac44493d299b2e849d31a
2016,8,31,+24,5e7ac44493d299b2e849d31b
2016,9,1,+22,5e7ac44493d299b2e849d31c
2016,9,2,+23,5e7ac44493d299b2e849d31d
2016,9,3,+26,5e7ac44493d299b2e849d31e
2016,9,4,+26,5e7ac44493d299b2e849d31f
2016,9,5,+21,5e7ac44493d299b2e849d320
2016,9,6,+19,5e7ac44493d299b2e849d321
2016,9,7,+19,5e7ac44493d299b2e849d322
2016,9,8,+18,5e7ac44493d299b2e849d323
2016,9,9,+17,5e7ac44493d299b2e849d324
2016,9,10,+17,5e7ac44493d299b2e849d325
2016,9,11,+20,5e7ac44493d299b2e849d326
2016,9,12,+21,5e7ac44493d299b2e849d327
2016,9,13,+18,5e7ac44493d299b2e849d328
2016,9,14,+20,5e7ac44493d299b2e849d329
2016,9,15,+18,5e7ac44493d299b2e849d32a
2016,9,16,+11,5e7ac44493d299b2e849d32b
2016,9,17,+15,5e7ac44493d299b2e849d32c
2016,9,18,+18,5e7ac44493d299b2e849d32d
2016,9,19,+17,5e7ac44493d299b2e849d32e
2016,9,20,+15,5e7ac44493d299b2e849d32f
2016,9,21,+21,5e7ac44493d299b2e849d330
2016,9,22,+21,5e7ac44493d299b2e849d331
2016,9,23,+20,5e7ac44493d299b2e849d332
2016,9,24,+19,5e7ac44493d299b2e849d333
2016,9,25,+16,5e7ac44493d299b2e849d334
2016,9,26,+17,5e7ac44493d299b2e849d335
2016,9,27,+9,5e7ac44493d299b2e849d336
2016,9,28,+15,5e7ac44493d299b2e849d337
2016,9,29,+17,5e7ac44493d299b2e849d338
2016,9,30,+17,5e7ac44493d299b2e849d339
2016,10,1,+18,5e7ac44493d299b2e849d33a
2016,10,2,+15,5e7ac44493d299b2e849d33b
2016,10,3,+8,5e7ac44493d299b2e849d33c
2016,10,4,+8,5e7ac44493d299b2e849d33d
2016,10,5,+8,5e7ac44493d299b2e849d33e
2016,10,6,+4,5e7ac44493d299b2e849d33f
2016,10,7,+10,5e7ac44493d299b2e849d340
2016,10,8,+7,5e7ac44493d299b2e849d341
2016,10,9,+8,5e7ac44493d299b2e849d342
2016,10,10,+6,5e7ac44493d299b2e849d343
2016,10,11,+6,5e7ac44493d299b2e849d344
2016,10,12,+8,5e7ac44493d299b2e849d345
2016,10,13,+8,5e7ac44493d299b2e849d346
2016,10,14,+10,5e7ac44493d299b2e849d347
2016,10,15,+15,5e7ac44493d299b2e849d348
2016,10,16,+9,5e7ac44493d299b2e849d349
2016,10,17,+12,5e7ac44493d299b2e849d34a
2016,10,18,+7,5e7ac44493d299b2e849d34b
2016,10,19,+2,5e7ac44493d299b2e849d34c
2016,10,20,0,5e7ac44493d299b2e849d34d
2016,10,21,+1,5e7ac44493d299b2e849d34e
2016,10,22,+2,5e7ac44493d299b2e849d34f
2016,10,23,+3,5e7ac44493d299b2e849d350
2016,10,24,+3,5e7ac44493d299b2e849d351
2016,10,25,+6,5e7ac44493d299b2e849d352
2016,10,26,+2,5e7ac44493d299b2e849d353
2016,10,27,+2,5e7ac44493d299b2e849d354
2016,10,28,+1,5e7ac44493d299b2e849d355
2016,10,29,-2,5e7ac44493d299b2e849d356
2016,10,30,-2,5e7ac44493d299b2e849d357
2016,10,31,-6,5e7ac44493d299b2e849d358
2016,11,1,-4,5e7ac44493d299b2e849d359
2016,11,2,-2,5e7ac44493d299b2e849d35a
2016,11,3,-5,5e7ac44493d299b2e849d35b
2016,11,4,-6,5e7ac44493d299b2e849d35c
2016,11,5,-5,5e7ac44493d299b2e849d35d
2016,11,6,-6,5e7ac44493d299b2e849d35e
2016,11,7,-7,5e7ac44493d299b2e849d35f
2016,11,8,-6,5e7ac44493d299b2e849d360
2016,11,9,-7,5e7ac44493d299b2e849d361
2016,11,10,-5,5e7ac44493d299b2e849d362
2016,11,11,-6,5e7ac44493d299b2e849d363
2016,11,12,-4,5e7ac44493d299b2e849d364
2016,11,13,-6,5e7ac44493d299b2e849d365
2016,11,14,-8,5e7ac44493d299b2e849d366
2016,11,15,-10,5e7ac44493d299b2e849d367
2016,11,16,-11,5e7ac44493d299b2e849d368
2016,11,17,-11,5e7ac44493d299b2e849d369
2016,11,18,-9,5e7ac44493d299b2e849d36a
2016,11,19,-12,5e7ac44493d299b2e849d36b
2016,11,20,-13,5e7ac44493d299b2e849d36c
2016,11,21,-13,5e7ac44493d299b2e849d36d
2016,11,22,-16,5e7ac44493d299b2e849d36e
2016,11,23,-19,5e7ac44493d299b2e849d36f
2016,11,24,-14,5e7ac44493d299b2e849d370
2016,11,25,-14,5e7ac44493d299b2e849d371
2016,11,26,-10,5e7ac44493d299b2e849d372
2016,11,27,-11,5e7ac44493d299b2e849d373
2016,11,28,-14,5e7ac44493d299b2e849d374
2016,11,29,-13,5e7ac44493d299b2e849d375
2016,11,30,-9,5e7ac44493d299b2e849d376
2016,12,1,-7,5e7ac44493d299b2e849d377
2016,12,2,-9,5e7ac44493d299b2e849d378
2016,12,3,-2,5e7ac44493d299b2e849d379
2016,12,4,-5,5e7ac44493d299b2e849d37a
2016,12,5,-13,5e7ac44493d299b2e849d37b
2016,12,6,-18,5e7ac44493d299b2e849d37c
2016,12,7,-19,5e7ac44493d299b2e849d37d
2016,12,8,-18,5e7ac44493d299b2e849d37e
2016,12,9,-17,5e7ac44493d299b2e849d37f
2016,12,10,-17,5e7ac44493d299b2e849d380
2016,12,11,-19,5e7ac44493d299b2e849d381
2016,12,12,-16,5e7ac44493d299b2e849d382
2016,12,13,-16,5e7ac44493d299b2e849d383
2016,12,14,-17,5e7ac44493d299b2e849d384
2016,12,15,-19,5e7ac44493d299b2e849d385
2016,12,16,-16,5e7ac44493d299b2e849d386
2016,12,17,-13,5e7ac44493d299b2e849d387
2016,12,18,-8,5e7ac44493d299b2e849d388
2016,12,19,-8,5e7ac44493d299b2e849d389
2016,12,20,-12,5e7ac44493d299b2e849d38a
2016,12,21,-10,5e7ac44493d299b2e849d38b
2016,12,22,-16,5e7ac44493d299b2e849d38c
2016,12,23,-12,5e7ac44493d299b2e849d38d
2016,12,24,-14,5e7ac44493d299b2e849d38e
2016,12,25,-14,5e7ac44493d299b2e849d38f
2016,12,26,-14,5e7ac44493d299b2e849d390
2016,12,27,-19,5e7ac44493d299b2e849d391
2016,12,28,-17,5e7ac44493d299b2e849d392
2016,12,29,-17,5e7ac44493d299b2e849d393
2016,12,30,-14,5e7ac44493d299b2e849d394
2016,12,31,-12,5e7ac44493d299b2e849d395
2017,1,1,-10,5e7ac44493d299b2e849d396
2017,1,2,-12,5e7ac44493d299b2e849d397
2017,1,3,-13,5e7ac44493d299b2e849d398
2017,1,4,-17,5e7ac44493d299b2e849d399
2017,1,5,-16,5e7ac44493d299b2e849d39a
2017,1,6,-10,5e7ac44493d299b2e849d39b
2017,1,7,-10,5e7ac44493d299b2e849d39c
2017,1,8,-8,5e7ac44493d299b2e849d39d
2017,1,9,-10,5e7ac44493d299b2e849d39e
2017,1,10,-20,5e7ac44493d299b2e849d39f
2017,1,11,-21,5e7ac44493d299b2e849d3a0
2017,1,12,-20,5e7ac44493d299b2e849d3a1
2017,1,13,-20,5e7ac44493d299b2e849d3a2
2017,1,14,-13,5e7ac44493d299b2e849d3a3
2017,1,15,-8,5e7ac44493d299b2e849d3a4
2017,1,16,-7,5e7ac44493d299b2e849d3a5
2017,1,17,-8,5e7ac44493d299b2e849d3a6
2017,1,18,-11,5e7ac44493d299b2e849d3a7
2017,1,19,-13,5e7ac44493d299b2e849d3a8
2017,1,20,-17,5e7ac44493d299b2e849d3a9
2017,1,21,-17,5e7ac44493d299b2e849d3aa
2017,1,22,-18,5e7ac44493d299b2e849d3ab
2017,1,23,-19,5e7ac44493d299b2e849d3ac
2017,1,24,-16,5e7ac44493d299b2e849d3ad
2017,1,25,-13,5e7ac44493d299b2e849d3ae
2017,1,26,-9,5e7ac44493d299b2e849d3af
2017,1,27,-13,5e7ac44493d299b2e849d3b0
2017,1,28,-12,5e7ac44493d299b2e849d3b1
2017,1,29,-14,5e7ac44493d299b2e849d3b2
2017,1,30,-17,5e7ac44493d299b2e849d3b3
2017,1,31,-12,5e7ac44493d299b2e849d3b4
2017,2,1,-15,5e7ac44493d299b2e849d3b5
2017,2,2,-14,5e7ac44493d299b2e849d3b6
2017,2,3,-6,5e7ac44493d299b2e849d3b7
2017,2,4,-10,5e7ac44493d299b2e849d3b8
2017,2,5,-10,5e7ac44493d299b2e849d3b9
2017,2,6,-11,5e7ac44493d299b2e849d3ba
2017,2,7,-10,5e7ac44493d299b2e849d3bb
2017,2,8,-11,5e7ac44493d299b2e849d3bc
2017,2,9,-9,5e7ac44493d299b2e849d3bd
2017,2,10,-6,5e7ac44493d299b2e849d3be
2017,2,11,-7,5e7ac44493d299b2e849d3bf
2017,2,12,-5,5e7ac44493d299b2e849d3c0
2017,2,13,-4,5e7ac44493d299b2e849d3c1
2017,2,14,-7,5e7ac44493d299b2e849d3c2
2017,2,15,-5,5e7ac44493d299b2e849d3c3
2017,2,16,-9,5e7ac44493d299b2e849d3c4
2017,2,17,-12,5e7ac44493d299b2e849d3c5
2017,2,18,-15,5e7ac44493d299b2e849d3c6
2017,2,19,-18,5e7ac44493d299b2e849d3c7
2017,2,20,-15,5e7ac44493d299b2e849d3c8
2017,2,21,-11,5e7ac44493d299b2e849d3c9
2017,2,22,-5,5e7ac44493d299b2e849d3ca
2017,2,23,-8,5e7ac44493d299b2e849d3cb
2017,2,24,-9,5e7ac44493d299b2e849d3cc
2017,2,25,-12,5e7ac44493d299b2e849d3cd
2017,2,26,-12,5e7ac44493d299b2e849d3ce
2017,2,27,-5,5e7ac44493d299b2e849d3cf
2017,2,28,-4,5e7ac44493d299b2e849d3d0
2017,3,1,-3,5e7ac44493d299b2e849d3d1
2017,3,2,-12,5e7ac44493d299b2e849d3d2
2017,3,3,-12,5e7ac44493d299b2e849d3d3
2017,3,4,-11,5e7ac44493d299b2e849d3d4
2017,3,5,-11,5e7ac44493d299b2e849d3d5
2017,3,6,-9,5e7ac44493d299b2e849d3d6
2017,3,7,-5,5e7ac44493d299b2e849d3d7
2017,3,8,-6,5e7ac44493d299b2e849d3d8
2017,3,9,-3,5e7ac44493d299b2e849d3d9
2017,3,10,-2,5e7ac44493d299b2e849d3da
2017,3,11,-1,5e7ac44493d299b2e849d3db
2017,3,12,+1,5e7ac44493d299b2e849d3dc
2017,3,13,0,5e7ac44493d299b2e849d3dd
2017,3,14,0,5e7ac44493d299b2e849d3de
2017,3,15,+2,5e7ac44493d299b2e849d3df
2017,3,16,+2,5e7ac44493d299b2e849d3e0
2017,3,17,+3,5e7ac44493d299b2e849d3e1
2017,3,18,+5,5e7ac44493d299b2e849d3e2
2017,3,19,+4,5e7ac44493d299b2e849d3e3
2017,3,20,+6,5e7ac44493d299b2e849d3e4
2017,3,21,+3,5e7ac44493d299b2e849d3e5
2017,3,22,0,5e7ac44493d299b2e849d3e6
2017,3,23,+2,5e7ac44493d299b2e849d3e7
2017,3,24,+4,5e7ac44493d299b2e849d3e8
2017,3,25,+6,5e7ac44493d299b2e849d3e9
2017,3,26,+3,5e7ac44493d299b2e849d3ea
2017,3,27,+5,5e7ac44493d299b2e849d3eb
2017,3,28,+7,5e7ac44493d299b2e849d3ec
2017,3,29,+7,5e7ac44493d299b2e849d3ed
2017,3,30,+6,5e7ac44493d299b2e849d3ee
2017,3,31,+6,5e7ac44493d299b2e849d3ef
2017,4,1,+10,5e7ac44493d299b2e849d3f0
2017,4,2,+11,5e7ac44493d299b2e849d3f1
2017,4,3,+12,5e7ac44493d299b2e849d3f2
2017,4,4,+18,5e7ac44493d299b2e849d3f3
2017,4,5,+6,5e7ac44493d299b2e849d3f4
2017,4,6,+8,5e7ac44493d299b2e849d3f5
2017,4,7,+8,5e7ac44493d299b2e849d3f6
2017,4,8,+2,5e7ac44493d299b2e849d3f7
2017,4,9,+7,5e7ac44493d299b2e849d3f8
2017,4,10,+14,5e7ac44493d299b2e849d3f9
2017,4,11,+7,5e7ac44493d299b2e849d3fa
2017,4,12,+2,5e7ac44493d299b2e849d3fb
2017,4,13,+4,5e7ac44493d299b2e849d3fc
2017,4,14,+11,5e7ac44493d299b2e849d3fd
2017,4,15,+14,5e7ac44493d299b2e849d3fe
2017,4,16,+8,5e7ac44493d299b2e849d3ff
2017,4,17,+13,5e7ac44493d299b2e849d400
2017,4,18,+8,5e7ac44493d299b2e849d401
2017,4,19,+8,5e7ac44493d299b2e849d402
2017,4,20,+7,5e7ac44493d299b2e849d403
2017,4,21,+8,5e7ac44493d299b2e849d404
2017,4,22,+8,5e7ac44493d299b2e849d405
2017,4,23,+12,5e7ac44493d299b2e849d406
2017,4,24,+15,5e7ac44493d299b2e849d407
2017,4,25,+9,5e7ac44493d299b2e849d408
2017,4,26,+9,5e7ac44493d299b2e849d409
2017,4,27,+10,5e7ac44493d299b2e849d40a
2017,4,28,+10,5e7ac44493d299b2e849d40b
2017,4,29,+11,5e7ac44493d299b2e849d40c
2017,4,30,+6,5e7ac44493d299b2e849d40d
2017,5,1,+13,5e7ac44493d299b2e849d40e
2017,5,2,+25,5e7ac44493d299b2e849d40f
2017,5,3,+19,5e7ac44493d299b2e849d410
2017,5,4,+25,5e7ac44493d299b2e849d411
2017,5,5,+21,5e7ac44493d299b2e849d412
2017,5,6,+8,5e7ac44493d299b2e849d413
2017,5,7,+10,5e7ac44493d299b2e849d414
2017,5,8,+12,5e7ac44493d299b2e849d415
2017,5,9,+24,5e7ac44493d299b2e849d416
2017,5,10,+25,5e7ac44493d299b2e849d417
2017,5,11,+25,5e7ac44493d299b2e849d418
2017,5,12,+12,5e7ac44493d299b2e849d419
2017,5,13,+16,5e7ac44493d299b2e849d41a
2017,5,14,+20,5e7ac44493d299b2e849d41b
2017,5,15,+18,5e7ac44493d299b2e849d41c
2017,5,16,+22,5e7ac44493d299b2e849d41d
2017,5,17,+25,5e7ac44493d299b2e849d41e
2017,5,18,+27,5e7ac44493d299b2e849d41f
2017,5,19,+26,5e7ac44493d299b2e849d420
2017,5,20,+18,5e7ac44493d299b2e849d421
2017,5,21,+17,5e7ac44493d299b2e849d422
2017,5,22,+19,5e7ac44493d299b2e849d423
2017,5,23,+10,5e7ac44493d299b2e849d424
2017,5,24,+11,5e7ac44493d299b2e849d425
2017,5,25,+14,5e7ac44493d299b2e849d426
2017,5,26,+21,5e7ac44493d299b2e849d427
2017,5,27,+26,5e7ac44493d299b2e849d428
2017,5,28,+26,5e7ac44493d299b2e849d429
2017,5,29,+18,5e7ac44493d299b2e849d42a
2017,5,30,+14,5e7ac44493d299b2e849d42b
2017,5,31,+19,5e7ac44493d299b2e849d42c
2017,6,1,+14,5e7ac44493d299b2e849d42d
2017,6,2,+15,5e7ac44493d299b2e849d42e
2017,6,3,+18,5e7ac44493d299b2e849d42f
2017,6,4,+23,5e7ac44493d299b2e849d430
2017,6,5,+25,5e7ac44493d299b2e849d431
2017,6,6,+27,5e7ac44493d299b2e849d432
2017,6,7,+17,5e7ac44493d299b2e849d433
2017,6,8,+16,5e7ac44493d299b2e849d434
2017,6,9,+12,5e7ac44493d299b2e849d435
2017,6,10,+17,5e7ac44493d299b2e849d436
2017,6,11,+20,5e7ac44493d299b2e849d437
2017,6,12,+23,5e7ac44493d299b2e849d438
2017,6,13,+17,5e7ac44493d299b2e849d439
2017,6,14,+21,5e7ac44493d299b2e849d43a
2017,6,15,+23,5e7ac44493d299b2e849d43b
2017,6,16,+26,5e7ac44493d299b2e849d43c
2017,6,17,+24,5e7ac44493d299b2e849d43d
2017,6,18,+24,5e7ac44493d299b2e849d43e
2017,6,19,+16,5e7ac44493d299b2e849d43f
2017,6,20,+19,5e7ac44493d299b2e849d440
2017,6,21,+22,5e7ac44493d299b2e849d441
2017,6,22,+26,5e7ac44493d299b2e849d442
2017,6,23,+25,5e7ac44493d299b2e849d443
2017,6,24,+18,5e7ac44493d299b2e849d444
2017,6,25,+20,5e7ac44493d299b2e849d445
2017,6,26,+17,5e7ac44493d299b2e849d446
2017,6,27,+22,5e7ac44493d299b2e849d447
2017,6,28,+26,5e7ac44493d299b2e849d448
2017,6,29,+24,5e7ac44493d299b2e849d449
2017,6,30,+25,5e7ac44493d299b2e849d44a
2017,7,1,+26,5e7ac44493d299b2e849d44b
2017,7,2,+28,5e7ac44493d299b2e849d44c
2017,7,3,+29,5e7ac44493d299b2e849d44d
2017,7,4,+30,5e7ac44493d299b2e849d44e
2017,7,5,+32,5e7ac44493d299b2e849d44f
2017,7,6,+34,5e7ac44493d299b2e849d450
2017,7,7,+34,5e7ac44493d299b2e849d451
2017,7,8,+32,5e7ac44493d299b2e849d452
2017,7,10,+30,5e7ac44493d299b2e849d453
2017,7,11,+23,5e7ac44493d299b2e849d454
2017,7,12,+28,5e7ac44493d299b2e849d455
2017,7,13,+27,5e7ac44493d299b2e849d456
2017,7,14,+23,5e7ac44493d299b2e849d457
2017,7,15,+27,5e7ac44493d299b2e849d458
2017,7,16,+22,5e7ac44493d299b2e849d459
2017,7,17,+27,5e7ac44493d299b2e849d45a
2017,7,18,+28,5e7ac44493d299b2e849d45b
2017,7,19,+28,5e7ac44493d299b2e849d45c
2017,7,20,+25,5e7ac44493d299b2e849d45d
2017,7,21,+27,5e7ac44493d299b2e849d45e
2017,7,22,+25,5e7ac44493d299b2e849d45f
2017,7,24,+25,5e7ac44493d299b2e849d460
2017,7,25,+22,5e7ac44493d299b2e849d461
2017,7,26,+22,5e7ac44493d299b2e849d462
2017,7,27,+22,5e7ac44493d299b2e849d463
2017,7,28,+25,5e7ac44493d299b2e849d464
2017,7,29,+26,5e7ac44493d299b2e849d465
2017,7,30,+27,5e7ac44493d299b2e849d466
2017,7,31,+25,5e7ac44493d299b2e849d467
2017,8,1,+25,5e7ac44493d299b2e849d468
2017,8,2,+26,5e7ac44493d299b2e849d469
2017,8,3,+25,5e7ac44493d299b2e849d46a
2017,8,4,+20,5e7ac44493d299b2e849d46b
2017,8,5,+26,5e7ac44493d299b2e849d46c
2017,8,6,+24,5e7ac44493d299b2e849d46d
2017,8,7,+20,5e7ac44493d299b2e849d46e
2017,8,8,+26,5e7ac44493d299b2e849d46f
2017,8,9,+26,5e7ac44493d299b2e849d470
2017,8,10,+26,5e7ac44493d299b2e849d471
2017,8,11,+26,5e7ac44493d299b2e849d472
2017,8,12,+25,5e7ac44493d299b2e849d473
2017,8,13,+26,5e7ac44493d299b2e849d474
2017,8,14,+28,5e7ac44493d299b2e849d475
2017,8,15,+28,5e7ac44493d299b2e849d476
2017,8,16,+24,5e7ac44493d299b2e849d477
2017,8,17,+24,5e7ac44493d299b2e849d478
2017,8,18,+22,5e7ac44493d299b2e849d479
2017,8,19,+26,5e7ac44493d299b2e849d47a
2017,8,20,+29,5e7ac44493d299b2e849d47b
2017,8,21,+30,5e7ac44493d299b2e849d47c
2017,8,22,+25,5e7ac44493d299b2e849d47d
2017,8,23,+26,5e7ac44493d299b2e849d47e
2017,8,24,+21,5e7ac44493d299b2e849d47f
2017,8,25,+21,5e7ac44493d299b2e849d480
2017,8,26,+17,5e7ac44493d299b2e849d481
2017,8,27,+23,5e7ac44493d299b2e849d482
2017,8,28,+18,5e7ac44493d299b2e849d483
2017,8,29,+12,5e7ac44493d299b2e849d484
2017,8,30,+11,5e7ac44493d299b2e849d485
2017,8,31,+16,5e7ac44493d299b2e849d486
2017,9,1,+19,5e7ac44493d299b2e849d487
2017,9,2,+22,5e7ac44493d299b2e849d488
2017,9,3,+24,5e7ac44493d299b2e849d489
2017,9,4,+25,5e7ac44493d299b2e849d48a
2017,9,5,+20,5e7ac44493d299b2e849d48b
2017,9,6,+20,5e7ac44493d299b2e849d48c
2017,9,7,+24,5e7ac44493d299b2e849d48d
2017,9,8,+19,5e7ac44493d299b2e849d48e
2017,9,9,+18,5e7ac44493d299b2e849d48f
2017,9,10,+19,5e7ac44493d299b2e849d490
2017,9,11,+16,5e7ac44493d299b2e849d491
2017,9,12,+13,5e7ac44493d299b2e849d492
2017,9,13,+17,5e7ac44493d299b2e849d493
2017,9,14,+18,5e7ac44493d299b2e849d494
2017,9,15,+20,5e7ac44493d299b2e849d495
2017,9,16,+21,5e7ac44493d299b2e849d496
2017,9,17,+22,5e7ac44493d299b2e849d497
2017,9,18,+17,5e7ac44493d299b2e849d498
2017,9,19,+16,5e7ac44493d299b2e849d499
2017,9,20,+20,5e7ac44493d299b2e849d49a
2017,9,21,+21,5e7ac44493d299b2e849d49b
2017,9,22,+24,5e7ac44493d299b2e849d49c
2017,9,23,+18,5e7ac44493d299b2e849d49d
2017,9,24,+24,5e7ac44493d299b2e849d49e
2017,9,25,+16,5e7ac44493d299b2e849d49f
2017,9,26,+12,5e7ac44493d299b2e849d4a0
2017,9,27,+13,5e7ac44493d299b2e849d4a1
2017,9,28,+10,5e7ac44493d299b2e849d4a2
2017,9,29,+7,5e7ac44493d299b2e849d4a3
2017,9,30,+12,5e7ac44493d299b2e849d4a4
2017,10,1,+8,5e7ac44493d299b2e849d4a5
2017,10,2,+6,5e7ac44493d299b2e849d4a6
2017,10,3,+7,5e7ac44493d299b2e849d4a7
2017,10,4,+9,5e7ac44493d299b2e849d4a8
2017,10,5,+11,5e7ac44493d299b2e849d4a9
2017,10,6,+13,5e7ac44493d299b2e849d4aa
2017,10,7,+13,5e7ac44493d299b2e849d4ab
2017,10,8,+11,5e7ac44493d299b2e849d4ac
2017,10,9,+13,5e7ac44493d299b2e849d4ad
2017,10,10,+11,5e7ac44493d299b2e849d4ae
2017,10,11,+10,5e7ac44493d299b2e849d4af
2017,10,12,+6,5e7ac44493d299b2e849d4b0
2017,10,13,+8,5e7ac44493d299b2e849d4b1
2017,10,14,+5,5e7ac44493d299b2e849d4b2
2017,10,15,+6,5e7ac44493d299b2e849d4b3
2017,10,16,+8,5e7ac44493d299b2e849d4b4
2017,10,17,+6,5e7ac44493d299b2e849d4b5
2017,10,18,+4,5e7ac44493d299b2e849d4b6
2017,10,19,+7,5e7ac44493d299b2e849d4b7
2017,10,20,+9,5e7ac44493d299b2e849d4b8
2017,10,21,+4,5e7ac44493d299b2e849d4b9
2017,10,22,+2,5e7ac44493d299b2e849d4ba
2017,10,23,+5,5e7ac44493d299b2e849d4bb
2017,10,24,+10,5e7ac44493d299b2e849d4bc
2017,10,25,+8,5e7ac44493d299b2e849d4bd
2017,10,26,+8,5e7ac44493d299b2e849d4be
2017,10,27,+11,5e7ac44493d299b2e849d4bf
2017,10,28,+17,5e7ac44493d299b2e849d4c0
2017,10,29,+3,5e7ac44493d299b2e849d4c1
2017,10,30,+4,5e7ac44493d299b2e849d4c2
2017,10,31,+5,5e7ac44493d299b2e849d4c3
2017,11,1,+4,5e7ac44493d299b2e849d4c4
2017,11,2,+3,5e7ac44493d299b2e849d4c5
2017,11,3,-2,5e7ac44493d299b2e849d4c6
2017,11,4,-1,5e7ac44493d299b2e849d4c7
2017,11,5,+1,5e7ac44493d299b2e849d4c8
2017,11,6,+5,5e7ac44493d299b2e849d4c9
2017,11,7,+5,5e7ac44493d299b2e849d4ca
2017,11,8,+2,5e7ac44493d299b2e849d4cb
2017,11,9,0,5e7ac44493d299b2e849d4cc
2017,11,10,0,5e7ac44493d299b2e849d4cd
2017,11,11,+2,5e7ac44493d299b2e849d4ce
2017,11,12,-1,5e7ac44493d299b2e849d4cf
2017,11,13,0,5e7ac44493d299b2e849d4d0
2017,11,14,-3,5e7ac44493d299b2e849d4d1
2017,11,15,-8,5e7ac44493d299b2e849d4d2
2017,11,16,-12,5e7ac44493d299b2e849d4d3
2017,11,17,-13,5e7ac44493d299b2e849d4d4
2017,11,18,-14,5e7ac44493d299b2e849d4d5
2017,11,19,-17,5e7ac44493d299b2e849d4d6
2017,11,20,-16,5e7ac44493d299b2e849d4d7
2017,11,21,-10,5e7ac44493d299b2e849d4d8
2017,11,22,-8,5e7ac44493d299b2e849d4d9
2017,11,23,-13,5e7ac44493d299b2e849d4da
2017,11,24,-16,5e7ac44493d299b2e849d4db
2017,11,25,-16,5e7ac44493d299b2e849d4dc
2017,11,27,-16,5e7ac44493d299b2e849d4dd
2017,11,28,-20,5e7ac44493d299b2e849d4de
2017,12,1,-19,5e7ac44493d299b2e849d4df
2017,12,2,-17,5e7ac44493d299b2e849d4e0
2017,12,3,-19,5e7ac44493d299b2e849d4e1
2017,12,4,-20,5e7ac44493d299b2e849d4e2
2017,12,5,-17,5e7ac44493d299b2e849d4e3
2017,12,6,-21,5e7ac44493d299b2e849d4e4
2017,12,7,-21,5e7ac44493d299b2e849d4e5
2017,12,8,-22,5e7ac44493d299b2e849d4e6
2017,12,9,-19,5e7ac44493d299b2e849d4e7
2017,12,10,-18,5e7ac44493d299b2e849d4e8
2017,12,11,-13,5e7ac44493d299b2e849d4e9
2017,12,12,-10,5e7ac44493d299b2e849d4ea
2017,12,13,-14,5e7ac44493d299b2e849d4eb
2017,12,14,-14,5e7ac44493d299b2e849d4ec
2017,12,15,-16,5e7ac44493d299b2e849d4ed
2017,12,16,-20,5e7ac44493d299b2e849d4ee
2017,12,17,-19,5e7ac44493d299b2e849d4ef
2017,12,18,-18,5e7ac44493d299b2e849d4f0
2017,12,19,-22,5e7ac44493d299b2e849d4f1
2017,12,20,-19,5e7ac44493d299b2e849d4f2
2017,12,21,-12,5e7ac44493d299b2e849d4f3
2017,12,22,-10,5e7ac44493d299b2e849d4f4
2017,12,23,-12,5e7ac44493d299b2e849d4f5
2017,12,24,-11,5e7ac44493d299b2e849d4f6
2017,12,25,-14,5e7ac44493d299b2e849d4f7
2017,12,26,-21,5e7ac44493d299b2e849d4f8
2017,12,27,-18,5e7ac44493d299b2e849d4f9
2017,12,28,-17,5e7ac44493d299b2e849d4fa
2017,12,29,-15,5e7ac44493d299b2e849d4fb
2017,12,30,-10,5e7ac44493d299b2e849d4fc
2017,12,31,-8,5e7ac44493d299b2e849d4fd
2018,1,1,-6,5e7ac44493d299b2e849d4fe
2018,1,2,-10,5e7ac44493d299b2e849d4ff
2018,1,3,-13,5e7ac44493d299b2e849d500
2018,1,4,-13,5e7ac44493d299b2e849d501
2018,1,5,-14,5e7ac44493d299b2e849d502
2018,1,6,-15,5e7ac44493d299b2e849d503
2018,1,7,-12,5e7ac44493d299b2e849d504
2018,1,8,-11,5e7ac44493d299b2e849d505
2018,1,9,-14,5e7ac44493d299b2e849d506
2018,1,10,-17,5e7ac44493d299b2e849d507
2018,1,11,-18,5e7ac44493d299b2e849d508
2018,1,12,-21,5e7ac44493d299b2e849d509
2018,1,13,-19,5e7ac44493d299b2e849d50a
2018,1,14,-15,5e7ac44493d299b2e849d50b
2018,1,15,-16,5e7ac44493d299b2e849d50c
2018,1,16,-17,5e7ac44493d299b2e849d50d
2018,1,17,-18,5e7ac44493d299b2e849d50e
2018,1,18,-16,5e7ac44493d299b2e849d50f
2018,1,19,-15,5e7ac44493d299b2e849d510
2018,1,20,-18,5e7ac44493d299b2e849d511
2018,1,21,-22,5e7ac44493d299b2e849d512
2018,1,22,-23,5e7ac44493d299b2e849d513
2018,1,23,-23,5e7ac44493d299b2e849d514
2018,1,24,-21,5e7ac44493d299b2e849d515
2018,1,25,-21,5e7ac44493d299b2e849d516
2018,1,26,-21,5e7ac44493d299b2e849d517
2018,1,27,-20,5e7ac44493d299b2e849d518
2018,1,28,-22,5e7ac44493d299b2e849d519
2018,1,29,-20,5e7ac44493d299b2e849d51a
2018,1,30,-20,5e7ac44493d299b2e849d51b
2018,1,31,-18,5e7ac44493d299b2e849d51c
2018,2,1,-15,5e7ac44493d299b2e849d51d
2018,2,2,-16,5e7ac44493d299b2e849d51e
2018,2,3,-17,5e7ac44493d299b2e849d51f
2018,2,4,-16,5e7ac44493d299b2e849d520
2018,2,5,-13,5e7ac44493d299b2e849d521
2018,2,6,-13,5e7ac44493d299b2e849d522
2018,2,7,-16,5e7ac44493d299b2e849d523
2018,2,8,-15,5e7ac44493d299b2e849d524
2018,2,9,-9,5e7ac44493d299b2e849d525
2018,2,10,-13,5e7ac44493d299b2e849d526
2018,2,11,-16,5e7ac44493d299b2e849d527
2018,2,12,-19,5e7ac44493d299b2e849d528
2018,2,13,-18,5e7ac44493d299b2e849d529
2018,2,14,-13,5e7ac44493d299b2e849d52a
2018,2,15,-11,5e7ac44493d299b2e849d52b
2018,2,16,-11,5e7ac44493d299b2e849d52c
2018,2,17,-14,5e7ac44493d299b2e849d52d
2018,2,18,-13,5e7ac44493d299b2e849d52e
2018,2,19,-12,5e7ac44493d299b2e849d52f
2018,2,20,-13,5e7ac44493d299b2e849d530
2018,2,21,-12,5e7ac44493d299b2e849d531
2018,2,22,-10,5e7ac44493d299b2e849d532
2018,2,23,-11,5e7ac44493d299b2e849d533
2018,2,24,-13,5e7ac44493d299b2e849d534
2018,2,25,-12,5e7ac44493d299b2e849d535
2018,2,26,-9,5e7ac44493d299b2e849d536
2018,2,27,-8,5e7ac44493d299b2e849d537
2018,2,28,-8,5e7ac44493d299b2e849d538
2018,3,1,-9,5e7ac44493d299b2e849d539
2018,3,2,-7,5e7ac44493d299b2e849d53a
2018,3,3,-7,5e7ac44493d299b2e849d53b
2018,3,4,-7,5e7ac44493d299b2e849d53c
2018,3,5,-10,5e7ac44493d299b2e849d53d
2018,3,6,-11,5e7ac44493d299b2e849d53e
2018,3,7,-11,5e7ac44493d299b2e849d53f
2018,3,8,-9,5e7ac44493d299b2e849d540
2018,3,9,-9,5e7ac44493d299b2e849d541
2018,3,10,-8,5e7ac44493d299b2e849d542
2018,3,11,-7,5e7ac44493d299b2e849d543
2018,3,12,-4,5e7ac44493d299b2e849d544
2018,3,13,-2,5e7ac44493d299b2e849d545
2018,3,14,-3,5e7ac44493d299b2e849d546
2018,3,15,-4,5e7ac44493d299b2e849d547
2018,3,16,-7,5e7ac44493d299b2e849d548
2018,3,17,-2,5e7ac44493d299b2e849d549
2018,3,18,+2,5e7ac44493d299b2e849d54a
2018,3,19,-6,5e7ac44493d299b2e849d54b
2018,3,20,-6,5e7ac44493d299b2e849d54c
2018,3,21,+1,5e7ac44493d299b2e849d54d
2018,3,22,+1,5e7ac44493d299b2e849d54e
2018,3,23,+5,5e7ac44493d299b2e849d54f
2018,3,24,+5,5e7ac44493d299b2e849d550
2018,3,25,0,5e7ac44493d299b2e849d551
2018,3,26,+7,5e7ac44493d299b2e849d552
2018,3,27,+11,5e7ac44493d299b2e849d553
2018,3,28,+5,5e7ac44493d299b2e849d554
2018,3,29,+6,5e7ac44493d299b2e849d555
2018,3,30,+9,5e7ac44493d299b2e849d556
2018,3,31,+6,5e7ac44493d299b2e849d557
2018,4,1,+14,5e7ac44493d299b2e849d558
2018,4,2,+15,5e7ac44493d299b2e849d559
2018,4,3,+3,5e7ac44493d299b2e849d55a
2018,4,4,-1,5e7ac44493d299b2e849d55b
2018,4,5,+3,5e7ac44493d299b2e849d55c
2018,4,6,+5,5e7ac44493d299b2e849d55d
2018,4,7,+3,5e7ac44493d299b2e849d55e
2018,4,8,+1,5e7ac44493d299b2e849d55f
2018,4,9,+5,5e7ac44493d299b2e849d560
2018,4,10,+13,5e7ac44493d299b2e849d561
2018,4,11,+1,5e7ac44493d299b2e849d562
2018,4,12,+4,5e7ac44493d299b2e849d563
2018,4,13,+7,5e7ac44493d299b2e849d564
2018,4,14,+8,5e7ac44493d299b2e849d565
2018,4,15,+10,5e7ac44493d299b2e849d566
2018,4,16,+14,5e7ac44493d299b2e849d567
2018,4,17,+16,5e7ac44493d299b2e849d568
2018,4,18,+17,5e7ac44493d299b2e849d569
2018,4,19,+18,5e7ac44493d299b2e849d56a
2018,4,20,+21,5e7ac44493d299b2e849d56b
2018,4,21,+16,5e7ac44493d299b2e849d56c
2018,4,22,+14,5e7ac44493d299b2e849d56d
2018,4,23,+15,5e7ac44493d299b2e849d56e
2018,4,24,+21,5e7ac44493d299b2e849d56f
2018,4,25,+17,5e7ac44493d299b2e849d570
2018,4,26,+11,5e7ac44493d299b2e849d571
2018,4,27,+15,5e7ac44493d299b2e849d572
2018,4,28,+17,5e7ac44493d299b2e849d573
2018,4,29,+17,5e7ac44493d299b2e849d574
2018,5,1,+15,5e7ac44493d299b2e849d575
2018,5,2,+15,5e7ac44493d299b2e849d576
2018,5,3,+15,5e7ac44493d299b2e849d577
2018,5,4,+5,5e7ac44493d299b2e849d578
2018,5,5,+8,5e7ac44493d299b2e849d579
2018,5,6,+7,5e7ac44493d299b2e849d57a
2018,5,7,+12,5e7ac44493d299b2e849d57b
2018,5,8,+17,5e7ac44493d299b2e849d57c
2018,5,9,+23,5e7ac44493d299b2e849d57d
2018,5,10,+24,5e7ac44493d299b2e849d57e
2018,5,11,+19,5e7ac44493d299b2e849d57f
2018,5,12,+24,5e7ac44493d299b2e849d580
2018,5,13,+18,5e7ac44493d299b2e849d581
2018,5,14,+20,5e7ac44493d299b2e849d582
2018,5,15,+24,5e7ac44493d299b2e849d583
2018,5,16,+12,5e7ac44493d299b2e849d584
2018,5,17,+18,5e7ac44493d299b2e849d585
2018,5,18,+22,5e7ac44493d299b2e849d586
2018,5,19,+23,5e7ac44493d299b2e849d587
2018,5,20,+28,5e7ac44493d299b2e849d588
2018,5,21,+27,5e7ac44493d299b2e849d589
2018,5,22,+28,5e7ac44493d299b2e849d58a
2018,5,23,+10,5e7ac44493d299b2e849d58b
2018,5,24,+14,5e7ac44493d299b2e849d58c
2018,5,25,+11,5e7ac44493d299b2e849d58d
2018,5,26,+18,5e7ac44493d299b2e849d58e
2018,5,27,+21,5e7ac44493d299b2e849d58f
2018,5,28,+24,5e7ac44493d299b2e849d590
2018,5,29,+26,5e7ac44493d299b2e849d591
2018,5,30,+28,5e7ac44493d299b2e849d592
2018,5,31,+24,5e7ac44493d299b2e849d593
2018,6,1,+23,5e7ac44493d299b2e849d594
2018,6,2,+29,5e7ac44493d299b2e849d595
2018,6,3,+31,5e7ac44493d299b2e849d596
2018,6,4,+29,5e7ac44493d299b2e849d597
2018,6,5,+23,5e7ac44493d299b2e849d598
2018,6,6,+19,5e7ac44493d299b2e849d599
2018,6,7,+9,5e7ac44493d299b2e849d59a
2018,6,8,+14,5e7ac44493d299b2e849d59b
2018,6,9,+19,5e7ac44493d299b2e849d59c
2018,6,10,+21,5e7ac44493d299b2e849d59d
2018,6,11,+23,5e7ac44493d299b2e849d59e
2018,6,12,+23,5e7ac44493d299b2e849d59f
2018,6,13,+20,5e7ac44493d299b2e849d5a0
2018,6,14,+22,5e7ac44493d299b2e849d5a1
2018,6,15,+21,5e7ac44493d299b2e849d5a2
2018,6,16,+22,5e7ac44493d299b2e849d5a3
2018,6,17,+18,5e7ac44493d299b2e849d5a4
2018,6,18,+25,5e7ac44493d299b2e849d5a5
2018,6,19,+23,5e7ac44493d299b2e849d5a6
2018,6,20,+15,5e7ac44493d299b2e849d5a7
2018,6,21,+15,5e7ac44493d299b2e849d5a8
2018,6,22,+20,5e7ac44493d299b2e849d5a9
2018,6,23,+13,5e7ac44493d299b2e849d5aa
2018,6,24,+14,5e7ac44493d299b2e849d5ab
2018,6,25,+20,5e7ac44493d299b2e849d5ac
2018,6,26,+18,5e7ac44493d299b2e849d5ad
2018,6,27,+23,5e7ac44493d299b2e849d5ae
2018,6,28,+20,5e7ac44493d299b2e849d5af
2018,6,29,+24,5e7ac44493d299b2e849d5b0
2018,6,30,+25,5e7ac44493d299b2e849d5b1
2018,7,1,+28,5e7ac44493d299b2e849d5b2
2018,7,2,+28,5e7ac44493d299b2e849d5b3
2018,7,3,+24,5e7ac44493d299b2e849d5b4
2018,7,4,+24,5e7ac44493d299b2e849d5b5
2018,7,5,+20,5e7ac44493d299b2e849d5b6
2018,7,6,+21,5e7ac44493d299b2e849d5b7
2018,7,7,+25,5e7ac44493d299b2e849d5b8
2018,7,8,+27,5e7ac44493d299b2e849d5b9
2018,7,9,+18,5e7ac44493d299b2e849d5ba
2018,7,10,+24,5e7ac44493d299b2e849d5bb
2018,7,11,+28,5e7ac44493d299b2e849d5bc
2018,7,12,+26,5e7ac44493d299b2e849d5bd
2018,7,13,+23,5e7ac44493d299b2e849d5be
2018,7,14,+27,5e7ac44493d299b2e849d5bf
2018,7,15,+25,5e7ac44493d299b2e849d5c0
2018,7,16,+27,5e7ac44493d299b2e849d5c1
2018,7,17,+27,5e7ac44493d299b2e849d5c2
2018,7,18,+27,5e7ac44493d299b2e849d5c3
2018,7,19,+27,5e7ac44493d299b2e849d5c4
2018,7,20,+24,5e7ac44493d299b2e849d5c5
2018,7,21,+21,5e7ac44493d299b2e849d5c6
2018,7,22,+20,5e7ac44493d299b2e849d5c7
2018,7,23,+25,5e7ac44493d299b2e849d5c8
2018,7,24,+29,5e7ac44493d299b2e849d5c9
2018,7,25,+30,5e7ac44493d299b2e849d5ca
2018,7,26,+24,5e7ac44493d299b2e849d5cb
2018,7,27,+25,5e7ac44493d299b2e849d5cc
2018,7,28,+30,5e7ac44493d299b2e849d5cd
2018,7,29,+30,5e7ac44493d299b2e849d5ce
2018,7,30,+27,5e7ac44493d299b2e849d5cf
2018,7,31,+24,5e7ac44493d299b2e849d5d0
2018,8,1,+26,5e7ac44493d299b2e849d5d1
2018,8,2,+26,5e7ac44493d299b2e849d5d2
2018,8,3,+20,5e7ac44493d299b2e849d5d3
2018,8,4,+25,5e7ac44493d299b2e849d5d4
2018,8,5,+26,5e7ac44493d299b2e849d5d5
2018,8,6,+27,5e7ac44493d299b2e849d5d6
2018,8,7,+28,5e7ac44493d299b2e849d5d7
2018,8,8,+25,5e7ac44493d299b2e849d5d8
2018,8,9,+26,5e7ac44493d299b2e849d5d9
2018,8,10,+22,5e7ac44493d299b2e849d5da
2018,8,11,+25,5e7ac44493d299b2e849d5db
2018,8,12,+24,5e7ac44493d299b2e849d5dc
2018,8,13,+26,5e7ac44493d299b2e849d5dd
2018,8,14,+24,5e7ac44493d299b2e849d5de
2018,8,15,+20,5e7ac44493d299b2e849d5df
2018,8,16,+21,5e7ac44493d299b2e849d5e0
2018,8,17,+25,5e7ac44493d299b2e849d5e1
2018,8,18,+24,5e7ac44493d299b2e849d5e2
2018,8,19,+24,5e7ac44493d299b2e849d5e3
2018,8,20,+24,5e7ac44493d299b2e849d5e4
2018,8,21,+22,5e7ac44493d299b2e849d5e5
2018,8,22,+21,5e7ac44493d299b2e849d5e6
2018,8,23,+25,5e7ac44493d299b2e849d5e7
2018,8,24,+25,5e7ac44493d299b2e849d5e8
2018,8,25,+25,5e7ac44493d299b2e849d5e9
2018,8,26,+21,5e7ac44493d299b2e849d5ea
2018,8,27,+26,5e7ac44493d299b2e849d5eb
2018,8,28,+24,5e7ac44493d299b2e849d5ec
2018,8,29,+20,5e7ac44493d299b2e849d5ed
2018,8,30,+17,5e7ac44493d299b2e849d5ee
2018,8,31,+17,5e7ac44493d299b2e849d5ef
2018,9,1,+21,5e7ac44493d299b2e849d5f0
2018,9,2,+24,5e7ac44493d299b2e849d5f1
2018,9,3,+23,5e7ac44493d299b2e849d5f2
2018,9,4,+16,5e7ac44493d299b2e849d5f3
2018,9,5,+15,5e7ac44493d299b2e849d5f4
2018,9,6,+19,5e7ac44493d299b2e849d5f5
2018,9,7,+13,5e7ac44493d299b2e849d5f6
2018,9,8,+15,5e7ac44493d299b2e849d5f7
2018,9,9,+12,5e7ac44493d299b2e849d5f8
2018,9,10,+17,5e7ac44493d299b2e849d5f9
2018,9,11,+21,5e7ac44493d299b2e849d5fa
2018,9,12,+23,5e7ac44493d299b2e849d5fb
2018,9,13,+21,5e7ac44493d299b2e849d5fc
2018,9,14,+23,5e7ac44493d299b2e849d5fd
2018,9,15,+23,5e7ac44493d299b2e849d5fe
2018,9,16,+19,5e7ac44493d299b2e849d5ff
2018,9,17,+17,5e7ac44493d299b2e849d600
2018,9,19,+23,5e7ac44493d299b2e849d601
2018,9,20,+17,5e7ac44493d299b2e849d602
2018,9,21,+16,5e7ac44493d299b2e849d603
2018,9,22,+12,5e7ac44493d299b2e849d604
2018,9,23,+12,5e7ac44493d299b2e849d605
2018,9,24,+16,5e7ac44493d299b2e849d606
2018,9,25,+18,5e7ac44493d299b2e849d607
2018,9,26,+19,5e7ac44493d299b2e849d608
2018,9,27,+20,5e7ac44493d299b2e849d609
2018,9,28,+20,5e7ac44493d299b2e849d60a
2018,10,1,+15,5e7ac44493d299b2e849d60b
2018,10,2,+15,5e7ac44493d299b2e849d60c
2018,10,3,+17,5e7ac44493d299b2e849d60d
2018,10,4,+21,5e7ac44493d299b2e849d60e
2018,10,5,+22,5e7ac44493d299b2e849d60f
2018,10,6,+22,5e7ac44493d299b2e849d610
2018,10,7,+16,5e7ac44493d299b2e849d611
2018,10,8,+15,5e7ac44493d299b2e849d612
2018,10,9,+9,5e7ac44493d299b2e849d613
2018,10,10,+12,5e7ac44493d299b2e849d614
2018,10,11,+12,5e7ac44493d299b2e849d615
2018,10,12,+13,5e7ac44493d299b2e849d616
2018,10,13,+19,5e7ac44493d299b2e849d617
2018,10,14,+18,5e7ac44493d299b2e849d618
2018,10,15,+8,5e7ac44493d299b2e849d619
2018,10,16,+4,5e7ac44493d299b2e849d61a
2018,10,17,+2,5e7ac44493d299b2e849d61b
2018,10,18,+9,5e7ac44493d299b2e849d61c
2018,10,19,+12,5e7ac44493d299b2e849d61d
2018,10,20,+13,5e7ac44493d299b2e849d61e
2018,10,21,+11,5e7ac44493d299b2e849d61f
2018,10,22,+17,5e7ac44493d299b2e849d620
2018,10,23,+17,5e7ac44493d299b2e849d621
2018,10,24,+9,5e7ac44493d299b2e849d622
2018,10,25,+10,5e7ac44493d299b2e849d623
2018,10,26,+10,5e7ac44493d299b2e849d624
2018,10,27,+4,5e7ac44493d299b2e849d625
2018,10,28,+2,5e7ac44493d299b2e849d626
2018,10,29,+3,5e7ac44493d299b2e849d627
2018,10,30,+4,5e7ac44493d299b2e849d628
2018,10,31,+8,5e7ac44493d299b2e849d629
2018,11,1,+8,5e7ac44493d299b2e849d62a
2018,11,2,+10,5e7ac44493d299b2e849d62b
2018,11,3,+11,5e7ac44493d299b2e849d62c
2018,11,4,+2,5e7ac44493d299b2e849d62d
2018,11,5,0,5e7ac44493d299b2e849d62e
2018,11,6,+2,5e7ac44493d299b2e849d62f
2018,11,7,+3,5e7ac44493d299b2e849d630
2018,11,8,+6,5e7ac44493d299b2e849d631
2018,11,9,0,5e7ac44493d299b2e849d632
2018,11,10,+2,5e7ac44493d299b2e849d633
2018,11,11,+1,5e7ac44493d299b2e849d634
2018,11,12,+1,5e7ac44493d299b2e849d635
2018,11,13,+3,5e7ac44493d299b2e849d636
2018,11,14,+1,5e7ac44493d299b2e849d637
2018,11,15,+2,5e7ac44493d299b2e849d638
2018,11,16,-6,5e7ac44493d299b2e849d639
2018,11,17,-6,5e7ac44493d299b2e849d63a
2018,11,18,-6,5e7ac44493d299b2e849d63b
2018,11,19,-3,5e7ac44493d299b2e849d63c
2018,11,20,-8,5e7ac44493d299b2e849d63d
2018,11,21,-10,5e7ac44493d299b2e849d63e
2018,11,22,-13,5e7ac44493d299b2e849d63f
2018,11,23,-13,5e7ac44493d299b2e849d640
2018,11,24,-6,5e7ac44493d299b2e849d641
2018,11,25,-4,5e7ac44493d299b2e849d642
2018,11,26,+1,5e7ac44493d299b2e849d643
2018,11,27,-2,5e7ac44493d299b2e849d644
2018,11,28,-10,5e7ac44493d299b2e849d645
2018,11,29,-14,5e7ac44493d299b2e849d646
2018,11,30,-12,5e7ac44493d299b2e849d647
2018,12,1,-10,5e7ac44493d299b2e849d648
2018,12,2,-1,5e7ac44493d299b2e849d649
2018,12,3,-1,5e7ac44493d299b2e849d64a
2018,12,4,-7,5e7ac44493d299b2e849d64b
2018,12,5,-17,5e7ac44493d299b2e849d64c
2018,12,6,-17,5e7ac44493d299b2e849d64d
2018,12,7,-22,5e7ac44493d299b2e849d64e
2018,12,8,-19,5e7ac44493d299b2e849d64f
2018,12,9,-18,5e7ac44493d299b2e849d650
2018,12,10,-17,5e7ac44493d299b2e849d651
2018,12,11,-15,5e7ac44493d299b2e849d652
2018,12,12,-13,5e7ac44493d299b2e849d653
2018,12,13,-14,5e7ac44493d299b2e849d654
2018,12,14,-15,5e7ac44493d299b2e849d655
2018,12,15,-10,5e7ac44493d299b2e849d656
2018,12,16,-8,5e7ac44493d299b2e849d657
2018,12,17,-10,5e7ac44493d299b2e849d658
2018,12,18,-13,5e7ac44493d299b2e849d659
2018,12,19,-12,5e7ac44493d299b2e849d65a
2018,12,20,-11,5e7ac44493d299b2e849d65b
2018,12,21,-7,5e7ac44493d299b2e849d65c
2018,12,22,-9,5e7ac44493d299b2e849d65d
2018,12,23,-11,5e7ac44493d299b2e849d65e
2018,12,24,-15,5e7ac44493d299b2e849d65f
2018,12,25,-10,5e7ac44493d299b2e849d660
2018,12,26,-16,5e7ac44493d299b2e849d661
2018,12,27,-16,5e7ac44493d299b2e849d662
2018,12,28,-16,5e7ac44493d299b2e849d663
2018,12,29,-16,5e7ac44493d299b2e849d664
2018,12,30,-11,5e7ac44493d299b2e849d665
2018,12,31,-15,5e7ac44493d299b2e849d666
2019,1,1,-14,5e7ac44493d299b2e849d667
2019,1,2,-14,5e7ac44493d299b2e849d668
2019,1,3,-12,5e7ac44493d299b2e849d669
2019,1,4,-11,5e7ac44493d299b2e849d66a
2019,1,5,-14,5e7ac44493d299b2e849d66b
2019,1,6,-14,5e7ac44493d299b2e849d66c
2019,1,7,-15,5e7ac44493d299b2e849d66d
2019,1,8,-13,5e7ac44493d299b2e849d66e
2019,1,9,-11,5e7ac44493d299b2e849d66f
2019,1,10,-9,5e7ac44493d299b2e849d670
2019,1,11,-11,5e7ac44493d299b2e849d671
2019,1,12,-10,5e7ac44493d299b2e849d672
2019,1,13,-9,5e7ac44493d299b2e849d673
2019,1,14,-11,5e7ac44493d299b2e849d674
2019,1,15,-12,5e7ac44493d299b2e849d675
2019,1,16,-15,5e7ac44493d299b2e849d676
2019,1,17,-21,5e7ac44493d299b2e849d677
2019,1,18,-14,5e7ac44493d299b2e849d678
2019,1,19,-12,5e7ac44493d299b2e849d679
2019,1,20,-14,5e7ac44493d299b2e849d67a
2019,1,21,-16,5e7ac44493d299b2e849d67b
2019,1,22,-12,5e7ac44493d299b2e849d67c
2019,1,23,-13,5e7ac44493d299b2e849d67d
2019,1,24,-12,5e7ac44493d299b2e849d67e
2019,1,25,-8,5e7ac44493d299b2e849d67f
2019,1,26,-12,5e7ac44493d299b2e849d680
2019,1,27,-7,5e7ac44493d299b2e849d681
2019,1,28,-9,5e7ac44493d299b2e849d682
2019,1,29,-9,5e7ac44493d299b2e849d683
2019,1,30,-6,5e7ac44493d299b2e849d684
2019,1,31,-15,5e7ac44493d299b2e849d685
2019,2,1,-15,5e7ac44493d299b2e849d686
2019,2,2,-12,5e7ac44493d299b2e849d687
2019,2,3,-7,5e7ac44493d299b2e849d688
2019,2,4,-16,5e7ac44493d299b2e849d689
2019,2,5,-17,5e7ac44493d299b2e849d68a
2019,2,6,-19,5e7ac44493d299b2e849d68b
2019,2,7,-24,5e7ac44493d299b2e849d68c
2019,2,8,-21,5e7ac44493d299b2e849d68d
2019,2,9,-15,5e7ac44493d299b2e849d68e
2019,2,10,-13,5e7ac44493d299b2e849d68f
2019,2,11,-15,5e7ac44493d299b2e849d690
2019,2,12,-14,5e7ac44493d299b2e849d691
2019,2,13,-10,5e7ac44493d299b2e849d692
2019,2,14,-6,5e7ac44493d299b2e849d693
2019,2,15,-6,5e7ac44493d299b2e849d694
2019,2,16,-4,5e7ac44493d299b2e849d695
2019,2,17,-1,5e7ac44493d299b2e849d696
2019,2,18,+1,5e7ac44493d299b2e849d697
2019,2,19,+2,5e7ac44493d299b2e849d698
2019,2,20,+2,5e7ac44493d299b2e849d699
2019,2,21,+3,5e7ac44493d299b2e849d69a
2019,2,22,0,5e7ac44493d299b2e849d69b
2019,2,23,0,5e7ac44493d299b2e849d69c
2019,2,24,+1,5e7ac44493d299b2e849d69d
2019,2,25,-3,5e7ac44493d299b2e849d69e
2019,2,26,-2,5e7ac44493d299b2e849d69f
2019,2,27,+3,5e7ac44493d299b2e849d6a0
2019,2,28,+2,5e7ac44493d299b2e849d6a1
2019,3,1,+2,5e7ac44493d299b2e849d6a2
2019,3,2,+1,5e7ac44493d299b2e849d6a3
2019,3,3,+3,5e7ac44493d299b2e849d6a4
2019,3,4,+5,5e7ac44493d299b2e849d6a5
2019,3,5,+4,5e7ac44493d299b2e849d6a6
2019,3,6,+1,5e7ac44493d299b2e849d6a7
2019,3,7,+2,5e7ac44493d299b2e849d6a8
2019,3,8,+6,5e7ac44493d299b2e849d6a9
2019,3,9,-1,5e7ac44493d299b2e849d6aa
2019,3,10,+5,5e7ac44493d299b2e849d6ab
2019,3,11,+6,5e7ac44493d299b2e849d6ac
2019,3,12,+4,5e7ac44493d299b2e849d6ad
2019,3,13,+3,5e7ac44493d299b2e849d6ae
2019,3,14,+2,5e7ac44493d299b2e849d6af
2019,3,15,+3,5e7ac44493d299b2e849d6b0
2019,3,16,+3,5e7ac44493d299b2e849d6b1
2019,3,17,+7,5e7ac44493d299b2e849d6b2
2019,3,18,+11,5e7ac44493d299b2e849d6b3
2019,3,19,-1,5e7ac44493d299b2e849d6b4
2019,3,20,-2,5e7ac44493d299b2e849d6b5
2019,3,21,-5,5e7ac44493d299b2e849d6b6
2019,3,22,-2,5e7ac44493d299b2e849d6b7
2019,3,23,-4,5e7ac44493d299b2e849d6b8
2019,3,24,0,5e7ac44493d299b2e849d6b9
2019,3,25,+5,5e7ac44493d299b2e849d6ba
2019,3,26,+3,5e7ac44493d299b2e849d6bb
2019,3,27,+1,5e7ac44493d299b2e849d6bc
2019,3,28,-2,5e7ac44493d299b2e849d6bd
2019,3,29,0,5e7ac44493d299b2e849d6be
2019,3,30,+2,5e7ac44493d299b2e849d6bf
2019,3,31,+3,5e7ac44493d299b2e849d6c0
2019,4,1,+3,5e7ac44493d299b2e849d6c1
2019,4,2,+4,5e7ac44493d299b2e849d6c2
2019,4,3,+7,5e7ac44493d299b2e849d6c3
2019,4,4,+8,5e7ac44493d299b2e849d6c4
2019,4,5,+9,5e7ac44493d299b2e849d6c5
2019,4,6,+6,5e7ac44493d299b2e849d6c6
2019,4,7,+6,5e7ac44493d299b2e849d6c7
2019,4,8,+9,5e7ac44493d299b2e849d6c8
2019,4,9,+12,5e7ac44493d299b2e849d6c9
2019,4,10,+11,5e7ac44493d299b2e849d6ca
2019,4,11,+11,5e7ac44493d299b2e849d6cb
2019,4,12,+16,5e7ac44493d299b2e849d6cc
2019,4,13,+19,5e7ac44493d299b2e849d6cd
2019,4,14,+11,5e7ac44493d299b2e849d6ce
2019,4,15,+15,5e7ac44493d299b2e849d6cf
2019,4,16,+22,5e7ac44493d299b2e849d6d0
2019,4,17,+16,5e7ac44493d299b2e849d6d1
2019,4,18,+7,5e7ac44493d299b2e849d6d2
2019,4,19,+2,5e7ac44493d299b2e849d6d3
2019,4,20,+9,5e7ac44493d299b2e849d6d4
2019,4,21,+12,5e7ac44493d299b2e849d6d5
2019,4,22,+14,5e7ac44493d299b2e849d6d6
2019,4,23,+10,5e7ac44493d299b2e849d6d7
2019,4,24,+7,5e7ac44493d299b2e849d6d8
2019,4,25,+9,5e7ac44493d299b2e849d6d9
2019,4,26,+12,5e7ac44493d299b2e849d6da
2019,4,27,+18,5e7ac44493d299b2e849d6db
2019,4,28,+21,5e7ac44493d299b2e849d6dc
2019,4,29,+19,5e7ac44493d299b2e849d6dd
2019,4,30,+21,5e7ac44493d299b2e849d6de
2019,5,1,+15,5e7ac44493d299b2e849d6df
2019,5,2,+19,5e7ac44493d299b2e849d6e0
2019,5,3,+22,5e7ac44493d299b2e849d6e1
2019,5,4,+24,5e7ac44493d299b2e849d6e2
2019,5,5,+16,5e7ac44493d299b2e849d6e3
2019,5,6,+9,5e7ac44493d299b2e849d6e4
2019,5,7,+10,5e7ac44493d299b2e849d6e5
2019,5,8,+14,5e7ac44493d299b2e849d6e6
2019,5,9,+12,5e7ac44493d299b2e849d6e7
2019,5,10,+12,5e7ac44493d299b2e849d6e8
2019,5,11,+18,5e7ac44493d299b2e849d6e9
2019,5,12,+23,5e7ac44493d299b2e849d6ea
2019,5,13,+29,5e7ac44493d299b2e849d6eb
2019,5,14,+24,5e7ac44493d299b2e849d6ec
2019,5,15,+23,5e7ac44493d299b2e849d6ed
2019,5,16,+26,5e7ac44493d299b2e849d6ee
2019,5,17,+23,5e7ac44493d299b2e849d6ef
2019,5,18,+18,5e7ac44493d299b2e849d6f0
2019,5,19,+19,5e7ac44493d299b2e849d6f1
2019,5,20,+15,5e7ac44493d299b2e849d6f2
2019,5,21,+17,5e7ac44493d299b2e849d6f3
2019,5,22,+17,5e7ac44493d299b2e849d6f4
2019,5,23,+19,5e7ac44493d299b2e849d6f5
2019,5,24,+23,5e7ac44493d299b2e849d6f6
2019,5,25,+28,5e7ac44493d299b2e849d6f7
2019,5,26,+21,5e7ac44493d299b2e849d6f8
2019,5,27,+16,5e7ac44493d299b2e849d6f9
2019,5,28,+14,5e7ac44493d299b2e849d6fa
2019,5,29,+12,5e7ac44493d299b2e849d6fb
2019,5,30,+15,5e7ac44493d299b2e849d6fc
2019,5,31,+18,5e7ac44493d299b2e849d6fd
2019,6,1,+18,5e7ac44493d299b2e849d6fe
2019,6,2,+21,5e7ac44493d299b2e849d6ff
2019,6,3,+18,5e7ac44493d299b2e849d700
2019,6,4,+23,5e7ac44493d299b2e849d701
2019,6,5,+24,5e7ac44493d299b2e849d702
2019,6,6,+21,5e7ac44493d299b2e849d703
2019,6,7,+23,5e7ac44493d299b2e849d704
2019,6,8,+24,5e7ac44493d299b2e849d705
2019,6,9,+21,5e7ac44493d299b2e849d706
2019,6,10,+23,5e7ac44493d299b2e849d707
2019,6,11,+17,5e7ac44493d299b2e849d708
2019,6,12,+19,5e7ac44493d299b2e849d709
2019,6,13,+13,5e7ac44493d299b2e849d70a
2019,6,14,+11,5e7ac44493d299b2e849d70b
2019,6,15,+15,5e7ac44493d299b2e849d70c
2019,6,16,+19,5e7ac44493d299b2e849d70d
2019,6,17,+20,5e7ac44493d299b2e849d70e
2019,6,18,+22,5e7ac44493d299b2e849d70f
2019,6,19,+21,5e7ac44493d299b2e849d710
2019,6,20,+22,5e7ac44493d299b2e849d711
2019,6,21,+24,5e7ac44493d299b2e849d712
2019,6,22,+26,5e7ac44493d299b2e849d713
2019,6,23,+27,5e7ac44493d299b2e849d714
2019,6,24,+28,5e7ac44493d299b2e849d715
2019,6,25,+24,5e7ac44493d299b2e849d716
2019,6,26,+11,5e7ac44493d299b2e849d717
2019,6,27,+18,5e7ac44493d299b2e849d718
2019,6,28,+18,5e7ac44493d299b2e849d719
2019,6,29,+16,5e7ac44493d299b2e849d71a
2019,6,30,+23,5e7ac44493d299b2e849d71b
2019,7,1,+24,5e7ac44493d299b2e849d71c
2019,7,2,+25,5e7ac44493d299b2e849d71d
2019,7,3,+25,5e7ac44493d299b2e849d71e
2019,7,4,+25,5e7ac44493d299b2e849d71f
2019,7,5,+26,5e7ac44493d299b2e849d720
2019,7,6,+26,5e7ac44493d299b2e849d721
2019,7,7,+27,5e7ac44493d299b2e849d722
2019,7,8,+30,5e7ac44493d299b2e849d723
2019,7,9,+29,5e7ac44493d299b2e849d724
2019,7,10,+29,5e7ac44493d299b2e849d725
2019,7,11,+28,5e7ac44493d299b2e849d726
2019,7,12,+29,5e7ac44493d299b2e849d727
2019,7,13,+26,5e7ac44493d299b2e849d728
2019,7,14,+25,5e7ac44493d299b2e849d729
2019,7,15,+26,5e7ac44493d299b2e849d72a
2019,7,16,+24,5e7ac44493d299b2e849d72b
2019,7,17,+22,5e7ac44493d299b2e849d72c
2019,7,18,+27,5e7ac44493d299b2e849d72d
2019,7,19,+26,5e7ac44493d299b2e849d72e
2019,7,20,+29,5e7ac44493d299b2e849d72f
2019,7,21,+29,5e7ac44493d299b2e849d730
2019,7,22,+29,5e7ac44493d299b2e849d731
2019,7,23,+28,5e7ac44493d299b2e849d732
2019,7,24,+15,5e7ac44493d299b2e849d733
2019,7,25,+14,5e7ac44493d299b2e849d734
2019,7,26,+18,5e7ac44493d299b2e849d735
2019,7,27,+24,5e7ac44493d299b2e849d736
2019,7,28,+25,5e7ac44493d299b2e849d737
2019,7,29,+26,5e7ac44493d299b2e849d738
2019,7,30,+24,5e7ac44493d299b2e849d739
2019,8,1,+26,5e7ac44493d299b2e849d73a
2019,8,2,+25,5e7ac44493d299b2e849d73b
2019,8,3,+26,5e7ac44493d299b2e849d73c
2019,8,4,+24,5e7ac44493d299b2e849d73d
2019,8,5,+28,5e7ac44493d299b2e849d73e
2019,8,6,+22,5e7ac44493d299b2e849d73f
2019,8,7,+24,5e7ac44493d299b2e849d740
2019,8,8,+26,5e7ac44493d299b2e849d741
2019,8,9,+21,5e7ac44493d299b2e849d742
2019,8,10,+22,5e7ac44493d299b2e849d743
2019,8,11,+17,5e7ac44493d299b2e849d744
2019,8,12,+22,5e7ac44493d299b2e849d745
2019,8,13,+26,5e7ac44493d299b2e849d746
2019,8,14,+17,5e7ac44493d299b2e849d747
2019,8,15,+19,5e7ac44493d299b2e849d748
2019,8,16,+17,5e7ac44493d299b2e849d749
2019,8,17,+16,5e7ac44493d299b2e849d74a
2019,8,18,+19,5e7ac44493d299b2e849d74b
2019,8,19,+23,5e7ac44493d299b2e849d74c
2019,8,20,+22,5e7ac44493d299b2e849d74d
2019,8,21,+22,5e7ac44493d299b2e849d74e
2019,8,22,+19,5e7ac44493d299b2e849d74f
2019,8,23,+20,5e7ac44493d299b2e849d750
2019,8,24,+19,5e7ac44493d299b2e849d751
2019,8,25,+19,5e7ac44493d299b2e849d752
2019,8,26,+23,5e7ac44493d299b2e849d753
2019,8,27,+25,5e7ac44493d299b2e849d754
2019,8,28,+19,5e7ac44493d299b2e849d755
2019,8,29,+19,5e7ac44493d299b2e849d756
2019,8,30,+21,5e7ac44493d299b2e849d757
2019,8,31,+20,5e7ac44493d299b2e849d758
2019,9,1,+20,5e7ac44493d299b2e849d759
2019,9,2,+21,5e7ac44493d299b2e849d75a
2019,9,3,+22,5e7ac44493d299b2e849d75b
2019,9,4,+25,5e7ac44493d299b2e849d75c
2019,9,5,+28,5e7ac44493d299b2e849d75d
2019,9,6,+22,5e7ac44493d299b2e849d75e
2019,9,7,+25,5e7ac44493d299b2e849d75f
2019,9,8,+23,5e7ac44493d299b2e849d760
2019,9,9,+20,5e7ac44493d299b2e849d761
2019,9,10,+19,5e7ac44493d299b2e849d762
2019,9,11,+19,5e7ac44493d299b2e849d763
2019,9,12,+20,5e7ac44493d299b2e849d764
2019,9,13,+21,5e7ac44493d299b2e849d765
2019,9,14,+20,5e7ac44493d299b2e849d766
2019,9,15,+23,5e7ac44493d299b2e849d767
2019,9,16,+17,5e7ac44493d299b2e849d768
2019,9,17,+17,5e7ac44493d299b2e849d769
2019,9,18,+7,5e7ac44493d299b2e849d76a
2019,9,19,+10,5e7ac44493d299b2e849d76b
2019,9,20,+14,5e7ac44493d299b2e849d76c
2019,9,21,+12,5e7ac44493d299b2e849d76d
2019,9,22,+16,5e7ac44493d299b2e849d76e
2019,9,23,+20,5e7ac44493d299b2e849d76f
2019,9,24,+15,5e7ac44493d299b2e849d770
2019,9,25,+15,5e7ac44493d299b2e849d771
2019,9,26,+16,5e7ac44493d299b2e849d772
2019,9,27,+21,5e7ac44493d299b2e849d773
2019,9,28,+27,5e7ac44493d299b2e849d774
2019,9,29,+18,5e7ac44493d299b2e849d775
2019,9,30,+15,5e7ac44493d299b2e849d776
2019,10,1,+22,5e7ac44493d299b2e849d777
2019,10,2,+25,5e7ac44493d299b2e849d778
2019,10,3,+8,5e7ac44493d299b2e849d779
2019,10,4,+9,5e7ac44493d299b2e849d77a
2019,10,5,+11,5e7ac44493d299b2e849d77b
2019,10,6,+15,5e7ac44493d299b2e849d77c
2019,10,7,+18,5e7ac44493d299b2e849d77d
2019,10,8,+13,5e7ac44493d299b2e849d77e
2019,10,9,+14,5e7ac44493d299b2e849d77f
2019,10,10,+20,5e7ac44493d299b2e849d780
2019,10,11,+10,5e7ac44493d299b2e849d781
2019,10,12,+6,5e7ac44493d299b2e849d782
2019,10,13,+5,5e7ac44493d299b2e849d783
2019,10,14,+4,5e7ac44493d299b2e849d784
2019,10,15,+8,5e7ac44493d299b2e849d785
2019,10,16,+7,5e7ac44493d299b2e849d786
2019,10,17,+10,5e7ac44493d299b2e849d787
2019,10,18,+15,5e7ac44493d299b2e849d788
2019,10,19,+15,5e7ac44493d299b2e849d789
2019,10,20,+16,5e7ac44493d299b2e849d78a
2019,10,21,+12,5e7ac44493d299b2e849d78b
2019,10,22,+15,5e7ac44493d299b2e849d78c
2019,10,23,+10,5e7ac44493d299b2e849d78d
2019,10,24,+13,5e7ac44493d299b2e849d78e
2019,10,25,+17,5e7ac44493d299b2e849d78f
2019,10,26,+6,5e7ac44493d299b2e849d790
2019,10,27,+6,5e7ac44493d299b2e849d791
2019,10,28,+8,5e7ac44493d299b2e849d792
2019,10,29,+3,5e7ac44493d299b2e849d793
2019,10,30,+6,5e7ac44493d299b2e849d794
2019,10,31,+6,5e7ac44493d299b2e849d795
2019,11,1,+6,5e7ac44493d299b2e849d796
2019,11,2,0,5e7ac44493d299b2e849d797
2019,11,3,+1,5e7ac44493d299b2e849d798
2019,11,4,+2,5e7ac44493d299b2e849d799
2019,11,5,-2,5e7ac44493d299b2e849d79a
2019,11,6,-3,5e7ac44493d299b2e849d79b
2019,11,7,-7,5e7ac44493d299b2e849d79c
2019,11,8,-4,5e7ac44493d299b2e849d79d
2019,11,9,-3,5e7ac44493d299b2e849d79e
2019,11,10,+2,5e7ac44493d299b2e849d79f
2019,11,11,+4,5e7ac44493d299b2e849d7a0
2019,11,12,-2,5e7ac44493d299b2e849d7a1
2019,11,13,-4,5e7ac44493d299b2e849d7a2
2019,11,14,-12,5e7ac44493d299b2e849d7a3
2019,11,15,-14,5e7ac44493d299b2e849d7a4
2019,11,16,-12,5e7ac44493d299b2e849d7a5
2019,11,17,-8,5e7ac44493d299b2e849d7a6
2019,11,18,-8,5e7ac44493d299b2e849d7a7
2019,11,19,-11,5e7ac44493d299b2e849d7a8
2019,11,20,-11,5e7ac44493d299b2e849d7a9
2019,11,21,-11,5e7ac44493d299b2e849d7aa
2019,11,22,-6,5e7ac44493d299b2e849d7ab
2019,11,23,+6,5e7ac44493d299b2e849d7ac
2019,11,24,-9,5e7ac44493d299b2e849d7ad
2019,11,25,-10,5e7ac44493d299b2e849d7ae
2019,11,26,-6,5e7ac44493d299b2e849d7af
2019,11,27,-11,5e7ac44493d299b2e849d7b0
2019,11,28,-12,5e7ac44493d299b2e849d7b1
2019,11,29,-10,5e7ac44493d299b2e849d7b2
2019,11,30,-8,5e7ac44493d299b2e849d7b3
2019,12,1,-8,5e7ac44493d299b2e849d7b4
2019,12,2,-7,5e7ac44493d299b2e849d7b5
2019,12,3,-13,5e7ac44493d299b2e849d7b6
2019,12,4,-17,5e7ac44493d299b2e849d7b7
2019,12,5,-16,5e7ac44493d299b2e849d7b8
2019,12,6,-14,5e7ac44493d299b2e849d7b9
2019,12,7,-15,5e7ac44493d299b2e849d7ba
2019,12,8,-19,5e7ac44493d299b2e849d7bb
2019,12,9,-14,5e7ac44493d299b2e849d7bc
2019,12,10,-11,5e7ac44493d299b2e849d7bd
2019,12,11,-13,5e7ac44493d299b2e849d7be
2019,12,12,-14,5e7ac44493d299b2e849d7bf
2019,12,13,-10,5e7ac44493d299b2e849d7c0
2019,12,14,-13,5e7ac44493d299b2e849d7c1
2019,12,15,-8,5e7ac44493d299b2e849d7c2
2019,12,16,-7,5e7ac44493d299b2e849d7c3
2019,12,17,-6,5e7ac44493d299b2e849d7c4
2019,12,18,-14,5e7ac44493d299b2e849d7c5
2019,12,19,-16,5e7ac44493d299b2e849d7c6
2019,12,20,-16,5e7ac44493d299b2e849d7c7
2019,12,21,-16,5e7ac44493d299b2e849d7c8
2019,12,22,-18,5e7ac44493d299b2e849d7c9
2019,12,23,-19,5e7ac44493d299b2e849d7ca
2019,12,24,-17,5e7ac44493d299b2e849d7cb
2019,12,25,-17,5e7ac44493d299b2e849d7cc
2019,12,26,-20,5e7ac44493d299b2e849d7cd
2019,12,27,-20,5e7ac44493d299b2e849d7ce
2019,12,28,-18,5e7ac44493d299b2e849d7cf
2019,12,29,-16,5e7ac44493d299b2e849d7d0
2019,12,30,-17,5e7ac44493d299b2e849d7d1
2019,12,31,-21,5e7ac44493d299b2e849d7d2
